--
-- PostgreSQL database dump
--

-- Dumped from database version 9.1.2
-- Dumped by pg_dump version 9.1.2
-- Started on 2012-02-07 21:58:30 CET

SET statement_timeout = 0;
SET client_encoding = 'UTF8';
SET standard_conforming_strings = on;
SET check_function_bodies = false;
SET client_min_messages = warning;

--
-- TOC entry 2240 (class 1262 OID 26905)
-- Name: abo; Type: DATABASE; Schema: -; Owner: -
--

CREATE DATABASE abo WITH TEMPLATE = template0 ENCODING = 'UTF8' LC_COLLATE = 'nl_NL.UTF-8' LC_CTYPE = 'nl_NL.UTF-8';


\connect abo

SET statement_timeout = 0;
SET client_encoding = 'UTF8';
SET standard_conforming_strings = on;
SET check_function_bodies = false;
SET client_min_messages = warning;

--
-- TOC entry 211 (class 3079 OID 11690)
-- Name: plpgsql; Type: EXTENSION; Schema: -; Owner: -
--

CREATE EXTENSION IF NOT EXISTS plpgsql WITH SCHEMA pg_catalog;


--
-- TOC entry 2242 (class 0 OID 0)
-- Dependencies: 211
-- Name: EXTENSION plpgsql; Type: COMMENT; Schema: -; Owner: -
--

COMMENT ON EXTENSION plpgsql IS 'PL/pgSQL procedural language';


SET search_path = public, pg_catalog;

--
-- TOC entry 223 (class 1255 OID 27436)
-- Dependencies: 5
-- Name: authornames(integer); Type: FUNCTION; Schema: public; Owner: -
--

CREATE FUNCTION authornames(bookid integer) RETURNS text
    LANGUAGE sql STABLE STRICT
    AS $_$ SELECT * FROM
    (
        SELECT array_to_string(array_accum("Persons"."name"), ', ') AS names FROM "Persons"
        WHERE "Persons"."personId" IN
        (
            SELECT "Authors"."personId" FROM "Authors" WHERE "Authors"."bookId" = $1
        )
    ) AS f WHERE f.names <> '' $_$;


--
-- TOC entry 229 (class 1255 OID 27445)
-- Dependencies: 5 661
-- Name: authors_persons_update(); Type: FUNCTION; Schema: public; Owner: -
--

CREATE FUNCTION authors_persons_update() RETURNS trigger
    LANGUAGE plpgsql
    AS $$
BEGIN
    IF TG_OP = 'DELETE' THEN NEW := OLD; END IF;
    IF TG_OP = 'INSERT' THEN OLD := NEW; END IF;
    IF OLD."personId" != NEW."personId" THEN
        UPDATE "Authors"
            SET "personId" = "personId"
            WHERE "personId" = NEW."personId";
    END IF;
    UPDATE "Authors"
        SET "personId" = "personId"
        WHERE "personId" = OLD."personId";
    RETURN NULL;
END; $$;


--
-- TOC entry 226 (class 1255 OID 27439)
-- Dependencies: 5
-- Name: bindinglanguagenames(integer); Type: FUNCTION; Schema: public; Owner: -
--

CREATE FUNCTION bindinglanguagenames(bindingid integer) RETURNS text
    LANGUAGE sql STABLE STRICT
    AS $_$ SELECT * FROM
    (
        SELECT array_to_string(array_accum("Languages"."languageName"), ', ') AS names FROM "Languages"
        WHERE "Languages"."languageId" IN
        (
            SELECT "BindingLanguages"."languageId" FROM "BindingLanguages" WHERE "BindingLanguages"."bindingId" = $1
        )
    ) AS f WHERE f.names <> '' $_$;


--
-- TOC entry 239 (class 1255 OID 27458)
-- Dependencies: 661 5
-- Name: bindinglanguages_languages_update(); Type: FUNCTION; Schema: public; Owner: -
--

CREATE FUNCTION bindinglanguages_languages_update() RETURNS trigger
    LANGUAGE plpgsql
    AS $$
BEGIN
    IF TG_OP = 'DELETE' THEN NEW := OLD; END IF;
    IF TG_OP = 'INSERT' THEN OLD := NEW; END IF;
    IF OLD."languageId" != NEW."languageId" THEN
        UPDATE "BindingLanguages"
            SET "languageId" = "languageId"
            WHERE "languageId" = NEW."languageId";
    END IF;
    UPDATE "BindingLanguages"
        SET "languageId" = "languageId"
        WHERE "languageId" = OLD."languageId";
    RETURN NULL;
END; $$;


--
-- TOC entry 238 (class 1255 OID 27457)
-- Dependencies: 661 5
-- Name: bindings_bindinglanguages_update(); Type: FUNCTION; Schema: public; Owner: -
--

CREATE FUNCTION bindings_bindinglanguages_update() RETURNS trigger
    LANGUAGE plpgsql
    AS $$
BEGIN
    IF TG_OP = 'DELETE' THEN NEW := OLD; END IF;
    IF TG_OP = 'INSERT' THEN OLD := NEW; END IF;
    IF OLD."bindingId" != NEW."bindingId" THEN
        UPDATE "Bindings"
            SET "bindingId" = "bindingId"
            WHERE "bindingId" = NEW."bindingId";
    END IF;
    UPDATE "Bindings"
        SET "bindingId" = "bindingId"
        WHERE "bindingId" = OLD."bindingId";
    RETURN NULL;
END; $$;


--
-- TOC entry 240 (class 1255 OID 27459)
-- Dependencies: 661 5
-- Name: bindings_libraries_update(); Type: FUNCTION; Schema: public; Owner: -
--

CREATE FUNCTION bindings_libraries_update() RETURNS trigger
    LANGUAGE plpgsql
    AS $$
BEGIN
    IF TG_OP = 'DELETE' THEN NEW := OLD; END IF;
    IF TG_OP = 'INSERT' THEN OLD := NEW; END IF;
    IF OLD."libraryId" != NEW."libraryId" THEN
        UPDATE "Bindings"
            SET "libraryId" = "libraryId"
            WHERE "libraryId" = NEW."libraryId";
    END IF;
    UPDATE "Bindings"
        SET "libraryId" = "libraryId"
        WHERE "libraryId" = OLD."libraryId";
    RETURN NULL;
END; $$;


--
-- TOC entry 236 (class 1255 OID 27455)
-- Dependencies: 661 5
-- Name: bindings_provenances_update(); Type: FUNCTION; Schema: public; Owner: -
--

CREATE FUNCTION bindings_provenances_update() RETURNS trigger
    LANGUAGE plpgsql
    AS $$
BEGIN
    IF TG_OP = 'DELETE' THEN NEW := OLD; END IF;
    IF TG_OP = 'INSERT' THEN OLD := NEW; END IF;
    IF OLD."bindingId" != NEW."bindingId" THEN
        UPDATE "Bindings"
            SET "bindingId" = "bindingId"
            WHERE "bindingId" = NEW."bindingId";
    END IF;
    UPDATE "Bindings"
        SET "bindingId" = "bindingId"
        WHERE "bindingId" = OLD."bindingId";
    RETURN NULL;
END; $$;


--
-- TOC entry 235 (class 1255 OID 27474)
-- Dependencies: 5
-- Name: bookannotationtext(integer); Type: FUNCTION; Schema: public; Owner: -
--

CREATE FUNCTION bookannotationtext(bookid integer) RETURNS text
    LANGUAGE sql STABLE STRICT
    AS $_$ SELECT * FROM
    (
        SELECT array_to_string(array_accum(COALESCE(scans.fulltext, '')), ' ') AS text
        FROM "Books" JOIN (SELECT * FROM "Scans" ORDER BY page ASC) scans
            ON "Books"."bindingId" = scans."bindingId"
            AND "page" >= "firstPage"
            AND "page" <= "lastPage"
        WHERE "bookId" = $1
    ) AS f WHERE f.text <> '' $_$;


--
-- TOC entry 225 (class 1255 OID 27438)
-- Dependencies: 5
-- Name: booklanguagenames(integer); Type: FUNCTION; Schema: public; Owner: -
--

CREATE FUNCTION booklanguagenames(bookid integer) RETURNS text
    LANGUAGE sql STABLE STRICT
    AS $_$ SELECT * FROM
    (
        SELECT array_to_string(array_accum("Languages"."languageName"), ', ') AS names FROM "Languages"
        WHERE "Languages"."languageId" IN
        (
            SELECT "BookLanguages"."languageId" FROM "BookLanguages" WHERE "BookLanguages"."bookId" = $1
        )
    ) AS f WHERE f.names <> '' $_$;


--
-- TOC entry 233 (class 1255 OID 27447)
-- Dependencies: 661 5
-- Name: booklanguages_languages_update(); Type: FUNCTION; Schema: public; Owner: -
--

CREATE FUNCTION booklanguages_languages_update() RETURNS trigger
    LANGUAGE plpgsql
    AS $$
BEGIN
    IF TG_OP = 'DELETE' THEN NEW := OLD; END IF;
    IF TG_OP = 'INSERT' THEN OLD := NEW; END IF;
    IF OLD."languageId" != NEW."languageId" THEN
        UPDATE "BookLanguages"
            SET "languageId" = "languageId"
            WHERE "languageId" = NEW."languageId";
    END IF;
    UPDATE "BookLanguages"
        SET "languageId" = "languageId"
        WHERE "languageId" = OLD."languageId";
    RETURN NULL;
END; $$;


--
-- TOC entry 228 (class 1255 OID 27444)
-- Dependencies: 5 661
-- Name: books_authors_update(); Type: FUNCTION; Schema: public; Owner: -
--

CREATE FUNCTION books_authors_update() RETURNS trigger
    LANGUAGE plpgsql
    AS $$
BEGIN
    IF TG_OP = 'DELETE' THEN NEW := OLD; END IF;
    IF TG_OP = 'INSERT' THEN OLD := NEW; END IF;
    IF OLD."bookId" != NEW."bookId" THEN
        UPDATE "Books"
            SET "bookId" = "bookId"
            WHERE "bookId" = NEW."bookId";
    END IF;
    UPDATE "Books"
        SET "bookId" = "bookId"
        WHERE "bookId" = OLD."bookId";
    RETURN NULL;
END; $$;


--
-- TOC entry 241 (class 1255 OID 27469)
-- Dependencies: 661 5
-- Name: books_bindings_update(); Type: FUNCTION; Schema: public; Owner: -
--

CREATE FUNCTION books_bindings_update() RETURNS trigger
    LANGUAGE plpgsql
    AS $$
BEGIN
    IF TG_OP = 'DELETE' THEN NEW := OLD; END IF;
    IF TG_OP = 'INSERT' THEN OLD := NEW; END IF;
    IF OLD."bindingId" != NEW."bindingId" THEN
        UPDATE "Books"
            SET "bindingId" = "bindingId"
            WHERE "bindingId" = NEW."bindingId";
    END IF;
    UPDATE "Books"
        SET "bindingId" = "bindingId"
        WHERE "bindingId" = OLD."bindingId";
    RETURN NULL;
END; $$;


--
-- TOC entry 230 (class 1255 OID 27446)
-- Dependencies: 661 5
-- Name: books_booklanguages_update(); Type: FUNCTION; Schema: public; Owner: -
--

CREATE FUNCTION books_booklanguages_update() RETURNS trigger
    LANGUAGE plpgsql
    AS $$
BEGIN
    IF TG_OP = 'DELETE' THEN NEW := OLD; END IF;
    IF TG_OP = 'INSERT' THEN OLD := NEW; END IF;
    IF OLD."bookId" != NEW."bookId" THEN
        UPDATE "Books"
            SET "bookId" = "bookId"
            WHERE "bookId" = NEW."bookId";
    END IF;
    UPDATE "Books"
        SET "bookId" = "bookId"
        WHERE "bookId" = OLD."bookId";
    RETURN NULL;
END; $$;


--
-- TOC entry 227 (class 1255 OID 27443)
-- Dependencies: 661 5
-- Name: books_fulltextupdate(); Type: FUNCTION; Schema: public; Owner: -
--

CREATE FUNCTION books_fulltextupdate() RETURNS trigger
    LANGUAGE plpgsql
    AS $$
BEGIN
    NEW.fulltext := COALESCE(NEW."title", '')
          || ' ' || COALESCE(authorNames(NEW."bookId"), '')
          || ' ' || COALESCE(NEW."publisher", '')
          || ' ' || COALESCE(NEW."placePublished", '')
          || ' ' || COALESCE(bookLanguageNames(NEW."bookId"), '')
          || ' ' || COALESCE(provenanceNames(NEW."bindingId"), '')
          || ' ' || COALESCE((SELECT "libraryName" FROM "Libraries" WHERE "libraryId" IN (SELECT "libraryId" FROM "Bindings" WHERE "bindingId" = NEW."bindingId")), '')
          || ' ' || COALESCE((SELECT "signature" FROM "Bindings" WHERE "bindingId" = NEW."bindingId"), '')
          || ' ' || COALESCE(bindingLanguageNames(NEW."bindingId"), '')
          || ' ' || COALESCE(bookAnnotationText(NEW."bookId"), '');
    RETURN NEW;
END; $$;


--
-- TOC entry 234 (class 1255 OID 27477)
-- Dependencies: 5 661
-- Name: books_scans_update(); Type: FUNCTION; Schema: public; Owner: -
--

CREATE FUNCTION books_scans_update() RETURNS trigger
    LANGUAGE plpgsql
    AS $$
BEGIN
    IF TG_OP = 'DELETE' THEN
        UPDATE "Books"
            SET "bookId" = "bookId"
            WHERE "Books"."bindingId" = OLD."bindingId"
                AND OLD."page" >= "firstPage"
                AND OLD."page" <= "lastPage";
    ELSIF TG_OP = 'INSERT' THEN
        UPDATE "Books"
            SET "bookId" = "bookId"
            WHERE "Books"."bindingId" = NEW."bindingId"
                AND NEW."page" >= "firstPage"
                AND NEW."page" <= "lastPage";
    ELSIF OLD.fulltext IS NULL OR NEW.fulltext != OLD.fulltext OR NEW."bindingId" != OLD."bindingId" OR NEW.page != OLD.page THEN
        UPDATE "Books"
            SET "bookId" = "bookId"
            WHERE "Books"."bindingId" = NEW."bindingId"
                AND NEW."page" >= "firstPage"
                AND NEW."page" <= "lastPage"
            OR "Books"."bindingId" = OLD."bindingId"
                AND OLD."page" >= "firstPage"
                AND OLD."page" <= "lastPage";
    END IF;
    RETURN NULL;
END; $$;


--
-- TOC entry 224 (class 1255 OID 27437)
-- Dependencies: 5
-- Name: provenancenames(integer); Type: FUNCTION; Schema: public; Owner: -
--

CREATE FUNCTION provenancenames(bindingid integer) RETURNS text
    LANGUAGE sql STABLE STRICT
    AS $_$ SELECT * FROM
    (
        SELECT array_to_string(array_accum("Persons"."name"), ', ') AS names FROM "Persons"
        WHERE "Persons"."personId" IN
        (
            SELECT "Provenances"."personId" FROM "Provenances" WHERE "Provenances"."bindingId" = $1
        )
    ) AS f WHERE f.names <> '' $_$;


--
-- TOC entry 237 (class 1255 OID 27456)
-- Dependencies: 5 661
-- Name: provenances_persons_update(); Type: FUNCTION; Schema: public; Owner: -
--

CREATE FUNCTION provenances_persons_update() RETURNS trigger
    LANGUAGE plpgsql
    AS $$
BEGIN
    IF TG_OP = 'DELETE' THEN NEW := OLD; END IF;
    IF TG_OP = 'INSERT' THEN OLD := NEW; END IF;
    IF OLD."personId" != NEW."personId" THEN
        UPDATE "Provenances"
            SET "personId" = "personId"
            WHERE "personId" = NEW."personId";
    END IF;
    UPDATE "Provenances"
        SET "personId" = "personId"
        WHERE "personId" = OLD."personId";
    RETURN NULL;
END; $$;


--
-- TOC entry 232 (class 1255 OID 27475)
-- Dependencies: 5 661
-- Name: scans_annotations_update(); Type: FUNCTION; Schema: public; Owner: -
--

CREATE FUNCTION scans_annotations_update() RETURNS trigger
    LANGUAGE plpgsql
    AS $$
BEGIN
    IF TG_OP = 'DELETE' THEN NEW := OLD; END IF;
    IF TG_OP = 'INSERT' THEN OLD := NEW; END IF;
    IF OLD."scanId" != NEW."scanId" THEN
        UPDATE "Scans"
            SET "scanId" = "scanId"
            WHERE "scanId" = NEW."scanId";
    END IF;
    UPDATE "Scans"
        SET "scanId" = "scanId"
        WHERE "scanId" = OLD."scanId";
    RETURN NULL;
END; $$;


--
-- TOC entry 231 (class 1255 OID 27476)
-- Dependencies: 5 661
-- Name: scans_fulltextupdate(); Type: FUNCTION; Schema: public; Owner: -
--

CREATE FUNCTION scans_fulltextupdate() RETURNS trigger
    LANGUAGE plpgsql
    AS $$
BEGIN
    SELECT text INTO NEW.fulltext FROM
        (
            SELECT array_to_string(array_accum(COALESCE("transcriptionOrig", '') || ' ' || COALESCE("transcriptionEng", '')), ' ') AS text
            FROM "Annotations" WHERE "scanId" = NEW."scanId"
        ) AS f WHERE f.text <> '';
    RETURN NEW;
END; $$;


--
-- TOC entry 662 (class 1255 OID 27156)
-- Dependencies: 5
-- Name: array_accum(anyelement); Type: AGGREGATE; Schema: public; Owner: -
--

CREATE AGGREGATE array_accum(anyelement) (
    SFUNC = array_append,
    STYPE = anyarray,
    INITCOND = '{}'
);


SET default_with_oids = false;

--
-- TOC entry 191 (class 1259 OID 27178)
-- Dependencies: 5
-- Name: Annotations; Type: TABLE; Schema: public; Owner: -
--

CREATE TABLE "Annotations" (
    "annotationId" integer NOT NULL,
    "transcriptionEng" text NOT NULL,
    "transcriptionOrig" text NOT NULL,
    "createdOn" timestamp without time zone,
    "createdBy" character varying(30),
    "changedOn" timestamp without time zone,
    "changedBy" character varying(30),
    "scanId" integer NOT NULL,
    "createdUserId" integer NOT NULL,
    "timeCreated" timestamp without time zone NOT NULL,
    "order" integer NOT NULL,
    polygon text NOT NULL,
    "changedUserId" integer NOT NULL,
    "timeChanged" timestamp without time zone NOT NULL
);


--
-- TOC entry 190 (class 1259 OID 27176)
-- Dependencies: 191 5
-- Name: Annotations_annotationID_seq; Type: SEQUENCE; Schema: public; Owner: -
--

CREATE SEQUENCE "Annotations_annotationID_seq"
    START WITH 1
    INCREMENT BY 1
    NO MINVALUE
    NO MAXVALUE
    CACHE 1;


--
-- TOC entry 2243 (class 0 OID 0)
-- Dependencies: 190
-- Name: Annotations_annotationID_seq; Type: SEQUENCE OWNED BY; Schema: public; Owner: -
--

ALTER SEQUENCE "Annotations_annotationID_seq" OWNED BY "Annotations"."annotationId";


--
-- TOC entry 2244 (class 0 OID 0)
-- Dependencies: 190
-- Name: Annotations_annotationID_seq; Type: SEQUENCE SET; Schema: public; Owner: -
--

SELECT pg_catalog.setval('"Annotations_annotationID_seq"', 1, false);


--
-- TOC entry 185 (class 1259 OID 27085)
-- Dependencies: 5
-- Name: Authors; Type: TABLE; Schema: public; Owner: -
--

CREATE TABLE "Authors" (
    "personId" integer NOT NULL,
    "bookId" integer NOT NULL,
    "createdOn" timestamp without time zone,
    "createdBy" character varying(30),
    "changedOn" timestamp without time zone,
    "changedBy" character varying(30)
);


--
-- TOC entry 183 (class 1259 OID 27081)
-- Dependencies: 5 185
-- Name: Authors_authorId_seq; Type: SEQUENCE; Schema: public; Owner: -
--

CREATE SEQUENCE "Authors_authorId_seq"
    START WITH 1
    INCREMENT BY 1
    NO MINVALUE
    NO MAXVALUE
    CACHE 1;


--
-- TOC entry 2245 (class 0 OID 0)
-- Dependencies: 183
-- Name: Authors_authorId_seq; Type: SEQUENCE OWNED BY; Schema: public; Owner: -
--

ALTER SEQUENCE "Authors_authorId_seq" OWNED BY "Authors"."personId";


--
-- TOC entry 2246 (class 0 OID 0)
-- Dependencies: 183
-- Name: Authors_authorId_seq; Type: SEQUENCE SET; Schema: public; Owner: -
--

SELECT pg_catalog.setval('"Authors_authorId_seq"', 1, false);


--
-- TOC entry 184 (class 1259 OID 27083)
-- Dependencies: 5 185
-- Name: Authors_bookId_seq; Type: SEQUENCE; Schema: public; Owner: -
--

CREATE SEQUENCE "Authors_bookId_seq"
    START WITH 1
    INCREMENT BY 1
    NO MINVALUE
    NO MAXVALUE
    CACHE 1;


--
-- TOC entry 2247 (class 0 OID 0)
-- Dependencies: 184
-- Name: Authors_bookId_seq; Type: SEQUENCE OWNED BY; Schema: public; Owner: -
--

ALTER SEQUENCE "Authors_bookId_seq" OWNED BY "Authors"."bookId";


--
-- TOC entry 2248 (class 0 OID 0)
-- Dependencies: 184
-- Name: Authors_bookId_seq; Type: SEQUENCE SET; Schema: public; Owner: -
--

SELECT pg_catalog.setval('"Authors_bookId_seq"', 1, false);


--
-- TOC entry 204 (class 1259 OID 27391)
-- Dependencies: 5
-- Name: BindingLanguages; Type: TABLE; Schema: public; Owner: -
--

CREATE TABLE "BindingLanguages" (
    "bindingId" integer NOT NULL,
    "languageId" integer NOT NULL,
    "createdOn" timestamp without time zone,
    "createdBy" character varying(30),
    "changedOn" timestamp without time zone,
    "changedBy" character varying(30)
);


--
-- TOC entry 171 (class 1259 OID 27003)
-- Dependencies: 5
-- Name: BookLanguages; Type: TABLE; Schema: public; Owner: -
--

CREATE TABLE "BookLanguages" (
    "createdOn" timestamp without time zone,
    "createdBy" character varying(30),
    "changedOn" timestamp without time zone,
    "changedBy" character varying(30),
    "bookId" integer NOT NULL,
    "languageId" integer NOT NULL
);


--
-- TOC entry 189 (class 1259 OID 27133)
-- Dependencies: 171 5
-- Name: BindingLanguages_bookID_seq; Type: SEQUENCE; Schema: public; Owner: -
--

CREATE SEQUENCE "BindingLanguages_bookID_seq"
    START WITH 1
    INCREMENT BY 1
    NO MINVALUE
    NO MAXVALUE
    CACHE 1;


--
-- TOC entry 2249 (class 0 OID 0)
-- Dependencies: 189
-- Name: BindingLanguages_bookID_seq; Type: SEQUENCE OWNED BY; Schema: public; Owner: -
--

ALTER SEQUENCE "BindingLanguages_bookID_seq" OWNED BY "BookLanguages"."bookId";


--
-- TOC entry 2250 (class 0 OID 0)
-- Dependencies: 189
-- Name: BindingLanguages_bookID_seq; Type: SEQUENCE SET; Schema: public; Owner: -
--

SELECT pg_catalog.setval('"BindingLanguages_bookID_seq"', 1, false);


--
-- TOC entry 170 (class 1259 OID 26984)
-- Dependencies: 2078 5
-- Name: Bindings; Type: TABLE; Schema: public; Owner: -
--

CREATE TABLE "Bindings" (
    "bindingId" integer NOT NULL,
    "libraryId" integer NOT NULL,
    signature character varying(255) NOT NULL,
    summary text,
    "createdOn" timestamp without time zone,
    "createdBy" character varying(30),
    "changedOn" timestamp without time zone,
    "changedBy" character varying(30),
    title character varying(100),
    status smallint DEFAULT 0 NOT NULL,
    "userId" integer
);


--
-- TOC entry 168 (class 1259 OID 26980)
-- Dependencies: 170 5
-- Name: Bindings_bindingId_seq; Type: SEQUENCE; Schema: public; Owner: -
--

CREATE SEQUENCE "Bindings_bindingId_seq"
    START WITH 1
    INCREMENT BY 1
    NO MINVALUE
    NO MAXVALUE
    CACHE 1;


--
-- TOC entry 2251 (class 0 OID 0)
-- Dependencies: 168
-- Name: Bindings_bindingId_seq; Type: SEQUENCE OWNED BY; Schema: public; Owner: -
--

ALTER SEQUENCE "Bindings_bindingId_seq" OWNED BY "Bindings"."bindingId";


--
-- TOC entry 2252 (class 0 OID 0)
-- Dependencies: 168
-- Name: Bindings_bindingId_seq; Type: SEQUENCE SET; Schema: public; Owner: -
--

SELECT pg_catalog.setval('"Bindings_bindingId_seq"', 1, false);


--
-- TOC entry 169 (class 1259 OID 26982)
-- Dependencies: 5 170
-- Name: Bindings_libraryId_seq; Type: SEQUENCE; Schema: public; Owner: -
--

CREATE SEQUENCE "Bindings_libraryId_seq"
    START WITH 1
    INCREMENT BY 1
    NO MINVALUE
    NO MAXVALUE
    CACHE 1;


--
-- TOC entry 2253 (class 0 OID 0)
-- Dependencies: 169
-- Name: Bindings_libraryId_seq; Type: SEQUENCE OWNED BY; Schema: public; Owner: -
--

ALTER SEQUENCE "Bindings_libraryId_seq" OWNED BY "Bindings"."libraryId";


--
-- TOC entry 2254 (class 0 OID 0)
-- Dependencies: 169
-- Name: Bindings_libraryId_seq; Type: SEQUENCE SET; Schema: public; Owner: -
--

SELECT pg_catalog.setval('"Bindings_libraryId_seq"', 1, false);


--
-- TOC entry 202 (class 1259 OID 27291)
-- Dependencies: 5
-- Name: Bookmarks; Type: TABLE; Schema: public; Owner: -
--

CREATE TABLE "Bookmarks" (
    "userId" integer NOT NULL,
    "scanId" integer NOT NULL,
    "createdOn" timestamp without time zone,
    "createdBy" character varying(30),
    "changedOn" timestamp without time zone,
    "changedBy" character varying(30)
);


--
-- TOC entry 174 (class 1259 OID 27018)
-- Dependencies: 5
-- Name: Books; Type: TABLE; Schema: public; Owner: -
--

CREATE TABLE "Books" (
    "bookId" integer NOT NULL,
    "bindingId" integer NOT NULL,
    "minYear" smallint NOT NULL,
    "maxYear" smallint NOT NULL,
    "preciseDate" date,
    "placePublished" character varying(50),
    publisher character varying(50),
    "printVersion" character varying(30),
    "createdOn" timestamp without time zone,
    "createdBy" character varying(30),
    "changedOn" timestamp without time zone,
    "changedBy" character varying(30),
    title character varying(100) NOT NULL,
    "firstPage" integer,
    "lastPage" integer,
    fulltext text,
    fulltext_vector tsvector
);


--
-- TOC entry 173 (class 1259 OID 27016)
-- Dependencies: 5 174
-- Name: Books_bindingId_seq; Type: SEQUENCE; Schema: public; Owner: -
--

CREATE SEQUENCE "Books_bindingId_seq"
    START WITH 1
    INCREMENT BY 1
    NO MINVALUE
    NO MAXVALUE
    CACHE 1;


--
-- TOC entry 2255 (class 0 OID 0)
-- Dependencies: 173
-- Name: Books_bindingId_seq; Type: SEQUENCE OWNED BY; Schema: public; Owner: -
--

ALTER SEQUENCE "Books_bindingId_seq" OWNED BY "Books"."bindingId";


--
-- TOC entry 2256 (class 0 OID 0)
-- Dependencies: 173
-- Name: Books_bindingId_seq; Type: SEQUENCE SET; Schema: public; Owner: -
--

SELECT pg_catalog.setval('"Books_bindingId_seq"', 1, false);


--
-- TOC entry 172 (class 1259 OID 27014)
-- Dependencies: 174 5
-- Name: Books_bookId_seq; Type: SEQUENCE; Schema: public; Owner: -
--

CREATE SEQUENCE "Books_bookId_seq"
    START WITH 1
    INCREMENT BY 1
    NO MINVALUE
    NO MAXVALUE
    CACHE 1;


--
-- TOC entry 2257 (class 0 OID 0)
-- Dependencies: 172
-- Name: Books_bookId_seq; Type: SEQUENCE OWNED BY; Schema: public; Owner: -
--

ALTER SEQUENCE "Books_bookId_seq" OWNED BY "Books"."bookId";


--
-- TOC entry 2258 (class 0 OID 0)
-- Dependencies: 172
-- Name: Books_bookId_seq; Type: SEQUENCE SET; Schema: public; Owner: -
--

SELECT pg_catalog.setval('"Books_bookId_seq"', 1, false);


--
-- TOC entry 210 (class 1259 OID 27560)
-- Dependencies: 5
-- Name: HelpContents; Type: TABLE; Schema: public; Owner: -
--

CREATE TABLE "HelpContents" (
    "helpContentId" integer NOT NULL,
    "helpParagraphId" integer NOT NULL,
    "settingValue" text,
    content text NOT NULL,
    "createdOn" timestamp without time zone,
    "createdBy" character varying(30),
    "changedOn" timestamp without time zone,
    "changedBy" character varying(30)
);


--
-- TOC entry 209 (class 1259 OID 27558)
-- Dependencies: 5 210
-- Name: HelpContents_helpContentId_seq; Type: SEQUENCE; Schema: public; Owner: -
--

CREATE SEQUENCE "HelpContents_helpContentId_seq"
    START WITH 1
    INCREMENT BY 1
    NO MINVALUE
    NO MAXVALUE
    CACHE 1;


--
-- TOC entry 2259 (class 0 OID 0)
-- Dependencies: 209
-- Name: HelpContents_helpContentId_seq; Type: SEQUENCE OWNED BY; Schema: public; Owner: -
--

ALTER SEQUENCE "HelpContents_helpContentId_seq" OWNED BY "HelpContents"."helpContentId";


--
-- TOC entry 2260 (class 0 OID 0)
-- Dependencies: 209
-- Name: HelpContents_helpContentId_seq; Type: SEQUENCE SET; Schema: public; Owner: -
--

SELECT pg_catalog.setval('"HelpContents_helpContentId_seq"', 42, true);


--
-- TOC entry 206 (class 1259 OID 27410)
-- Dependencies: 5
-- Name: HelpPages; Type: TABLE; Schema: public; Owner: -
--

CREATE TABLE "HelpPages" (
    "helpPageId" integer NOT NULL,
    "pageName" character varying(30) NOT NULL,
    "createdOn" timestamp without time zone,
    "createdBy" character varying(30),
    "changedOn" timestamp without time zone,
    "changedBy" character varying(30),
    "helpType" character varying(30)
);


--
-- TOC entry 205 (class 1259 OID 27408)
-- Dependencies: 206 5
-- Name: HelpPages_helpPageId_seq; Type: SEQUENCE; Schema: public; Owner: -
--

CREATE SEQUENCE "HelpPages_helpPageId_seq"
    START WITH 1
    INCREMENT BY 1
    NO MINVALUE
    NO MAXVALUE
    CACHE 1;


--
-- TOC entry 2261 (class 0 OID 0)
-- Dependencies: 205
-- Name: HelpPages_helpPageId_seq; Type: SEQUENCE OWNED BY; Schema: public; Owner: -
--

ALTER SEQUENCE "HelpPages_helpPageId_seq" OWNED BY "HelpPages"."helpPageId";


--
-- TOC entry 2262 (class 0 OID 0)
-- Dependencies: 205
-- Name: HelpPages_helpPageId_seq; Type: SEQUENCE SET; Schema: public; Owner: -
--

SELECT pg_catalog.setval('"HelpPages_helpPageId_seq"', 8, true);


--
-- TOC entry 208 (class 1259 OID 27485)
-- Dependencies: 5
-- Name: HelpParagraphs; Type: TABLE; Schema: public; Owner: -
--

CREATE TABLE "HelpParagraphs" (
    "helpParagraphId" integer NOT NULL,
    "helpPageId" integer NOT NULL,
    "paragraphParentId" integer,
    "actionName" character varying(50),
    title character varying(50) NOT NULL,
    "createdOn" timestamp without time zone,
    "createdBy" character varying(30),
    "changedOn" timestamp without time zone,
    "changedBy" character varying(30),
    "settingName" character varying(100)
);


--
-- TOC entry 207 (class 1259 OID 27483)
-- Dependencies: 5 208
-- Name: HelpParagraphs_helpParagraphId_seq; Type: SEQUENCE; Schema: public; Owner: -
--

CREATE SEQUENCE "HelpParagraphs_helpParagraphId_seq"
    START WITH 1
    INCREMENT BY 1
    NO MINVALUE
    NO MAXVALUE
    CACHE 1;


--
-- TOC entry 2263 (class 0 OID 0)
-- Dependencies: 207
-- Name: HelpParagraphs_helpParagraphId_seq; Type: SEQUENCE OWNED BY; Schema: public; Owner: -
--

ALTER SEQUENCE "HelpParagraphs_helpParagraphId_seq" OWNED BY "HelpParagraphs"."helpParagraphId";


--
-- TOC entry 2264 (class 0 OID 0)
-- Dependencies: 207
-- Name: HelpParagraphs_helpParagraphId_seq; Type: SEQUENCE SET; Schema: public; Owner: -
--

SELECT pg_catalog.setval('"HelpParagraphs_helpParagraphId_seq"', 42, true);


--
-- TOC entry 198 (class 1259 OID 27246)
-- Dependencies: 5
-- Name: Languages; Type: TABLE; Schema: public; Owner: -
--

CREATE TABLE "Languages" (
    "languageId" integer NOT NULL,
    "languageName" character varying(30) NOT NULL,
    "createdOn" timestamp without time zone,
    "createdBy" character varying(30),
    "changedOn" timestamp without time zone,
    "changedBy" character varying(30)
);


--
-- TOC entry 197 (class 1259 OID 27244)
-- Dependencies: 5 198
-- Name: Languages_languageId_seq; Type: SEQUENCE; Schema: public; Owner: -
--

CREATE SEQUENCE "Languages_languageId_seq"
    START WITH 1
    INCREMENT BY 1
    NO MINVALUE
    NO MAXVALUE
    CACHE 1;


--
-- TOC entry 2265 (class 0 OID 0)
-- Dependencies: 197
-- Name: Languages_languageId_seq; Type: SEQUENCE OWNED BY; Schema: public; Owner: -
--

ALTER SEQUENCE "Languages_languageId_seq" OWNED BY "Languages"."languageId";


--
-- TOC entry 2266 (class 0 OID 0)
-- Dependencies: 197
-- Name: Languages_languageId_seq; Type: SEQUENCE SET; Schema: public; Owner: -
--

SELECT pg_catalog.setval('"Languages_languageId_seq"', 41, true);


--
-- TOC entry 167 (class 1259 OID 26969)
-- Dependencies: 5
-- Name: Libraries; Type: TABLE; Schema: public; Owner: -
--

CREATE TABLE "Libraries" (
    "libraryId" integer NOT NULL,
    "libraryName" character varying(50) NOT NULL,
    "libraryAddress" character varying(255),
    website character varying(255),
    info text,
    "createdOn" timestamp without time zone,
    "createdBy" character varying(30),
    "changedOn" timestamp without time zone,
    "changedBy" character varying(30)
);


--
-- TOC entry 166 (class 1259 OID 26967)
-- Dependencies: 167 5
-- Name: Libraries_libraryId_seq; Type: SEQUENCE; Schema: public; Owner: -
--

CREATE SEQUENCE "Libraries_libraryId_seq"
    START WITH 1
    INCREMENT BY 1
    NO MINVALUE
    NO MAXVALUE
    CACHE 1;


--
-- TOC entry 2267 (class 0 OID 0)
-- Dependencies: 166
-- Name: Libraries_libraryId_seq; Type: SEQUENCE OWNED BY; Schema: public; Owner: -
--

ALTER SEQUENCE "Libraries_libraryId_seq" OWNED BY "Libraries"."libraryId";


--
-- TOC entry 2268 (class 0 OID 0)
-- Dependencies: 166
-- Name: Libraries_libraryId_seq; Type: SEQUENCE SET; Schema: public; Owner: -
--

SELECT pg_catalog.setval('"Libraries_libraryId_seq"', 1, false);


--
-- TOC entry 203 (class 1259 OID 27317)
-- Dependencies: 5
-- Name: Notes; Type: TABLE; Schema: public; Owner: -
--

CREATE TABLE "Notes" (
    "userId" integer NOT NULL,
    text text,
    "createdOn" timestamp without time zone,
    "createdBy" character varying(30),
    "changedOn" timestamp without time zone,
    "changedBy" character varying(30)
);


--
-- TOC entry 164 (class 1259 OID 26921)
-- Dependencies: 5
-- Name: PendingUsers; Type: TABLE; Schema: public; Owner: -
--

CREATE TABLE "PendingUsers" (
    "userId" integer NOT NULL,
    "confirmationCode" character(32) NOT NULL,
    "expirationDate" date NOT NULL,
    "createdOn" timestamp without time zone,
    "createdBy" character varying(30),
    "changedOn" timestamp without time zone,
    "changedBy" character varying(30),
    "pendingUserId" integer NOT NULL
);


--
-- TOC entry 192 (class 1259 OID 27199)
-- Dependencies: 5 164
-- Name: PendingUsers_pendingUserId_seq; Type: SEQUENCE; Schema: public; Owner: -
--

CREATE SEQUENCE "PendingUsers_pendingUserId_seq"
    START WITH 1
    INCREMENT BY 1
    NO MINVALUE
    NO MAXVALUE
    CACHE 1;


--
-- TOC entry 2269 (class 0 OID 0)
-- Dependencies: 192
-- Name: PendingUsers_pendingUserId_seq; Type: SEQUENCE OWNED BY; Schema: public; Owner: -
--

ALTER SEQUENCE "PendingUsers_pendingUserId_seq" OWNED BY "PendingUsers"."pendingUserId";


--
-- TOC entry 2270 (class 0 OID 0)
-- Dependencies: 192
-- Name: PendingUsers_pendingUserId_seq; Type: SEQUENCE SET; Schema: public; Owner: -
--

SELECT pg_catalog.setval('"PendingUsers_pendingUserId_seq"', 1, false);


--
-- TOC entry 163 (class 1259 OID 26919)
-- Dependencies: 164 5
-- Name: PendingUsers_userId_seq; Type: SEQUENCE; Schema: public; Owner: -
--

CREATE SEQUENCE "PendingUsers_userId_seq"
    START WITH 1
    INCREMENT BY 1
    NO MINVALUE
    NO MAXVALUE
    CACHE 1;


--
-- TOC entry 2271 (class 0 OID 0)
-- Dependencies: 163
-- Name: PendingUsers_userId_seq; Type: SEQUENCE OWNED BY; Schema: public; Owner: -
--

ALTER SEQUENCE "PendingUsers_userId_seq" OWNED BY "PendingUsers"."userId";


--
-- TOC entry 2272 (class 0 OID 0)
-- Dependencies: 163
-- Name: PendingUsers_userId_seq; Type: SEQUENCE SET; Schema: public; Owner: -
--

SELECT pg_catalog.setval('"PendingUsers_userId_seq"', 1, false);


--
-- TOC entry 165 (class 1259 OID 26961)
-- Dependencies: 5
-- Name: Permissions; Type: TABLE; Schema: public; Owner: -
--

CREATE TABLE "Permissions" (
    "actionName" character varying(50) NOT NULL,
    "minRank" smallint NOT NULL,
    "createdOn" timestamp without time zone,
    "createdBy" character varying(30),
    "changedOn" timestamp without time zone,
    "changedBy" character varying(30)
);


--
-- TOC entry 182 (class 1259 OID 27075)
-- Dependencies: 5
-- Name: Persons; Type: TABLE; Schema: public; Owner: -
--

CREATE TABLE "Persons" (
    "personId" integer NOT NULL,
    name character varying(60) NOT NULL,
    "createdOn" timestamp without time zone,
    "createdBy" character varying(30),
    "changedOn" timestamp without time zone,
    "changedBy" character varying(30)
);


--
-- TOC entry 181 (class 1259 OID 27073)
-- Dependencies: 5 182
-- Name: Persons_personId_seq; Type: SEQUENCE; Schema: public; Owner: -
--

CREATE SEQUENCE "Persons_personId_seq"
    START WITH 1
    INCREMENT BY 1
    NO MINVALUE
    NO MAXVALUE
    CACHE 1;


--
-- TOC entry 2273 (class 0 OID 0)
-- Dependencies: 181
-- Name: Persons_personId_seq; Type: SEQUENCE OWNED BY; Schema: public; Owner: -
--

ALTER SEQUENCE "Persons_personId_seq" OWNED BY "Persons"."personId";


--
-- TOC entry 2274 (class 0 OID 0)
-- Dependencies: 181
-- Name: Persons_personId_seq; Type: SEQUENCE SET; Schema: public; Owner: -
--

SELECT pg_catalog.setval('"Persons_personId_seq"', 1, false);


--
-- TOC entry 188 (class 1259 OID 27104)
-- Dependencies: 5
-- Name: Provenances; Type: TABLE; Schema: public; Owner: -
--

CREATE TABLE "Provenances" (
    "bindingId" integer NOT NULL,
    "personId" integer NOT NULL,
    "createdOn" timestamp without time zone,
    "createdBy" character varying(30),
    "changedOn" timestamp without time zone,
    "changedBy" character varying(30)
);


--
-- TOC entry 186 (class 1259 OID 27100)
-- Dependencies: 188 5
-- Name: Provenances_bindingId_seq; Type: SEQUENCE; Schema: public; Owner: -
--

CREATE SEQUENCE "Provenances_bindingId_seq"
    START WITH 1
    INCREMENT BY 1
    NO MINVALUE
    NO MAXVALUE
    CACHE 1;


--
-- TOC entry 2275 (class 0 OID 0)
-- Dependencies: 186
-- Name: Provenances_bindingId_seq; Type: SEQUENCE OWNED BY; Schema: public; Owner: -
--

ALTER SEQUENCE "Provenances_bindingId_seq" OWNED BY "Provenances"."bindingId";


--
-- TOC entry 2276 (class 0 OID 0)
-- Dependencies: 186
-- Name: Provenances_bindingId_seq; Type: SEQUENCE SET; Schema: public; Owner: -
--

SELECT pg_catalog.setval('"Provenances_bindingId_seq"', 1, false);


--
-- TOC entry 187 (class 1259 OID 27102)
-- Dependencies: 188 5
-- Name: Provenances_personId_seq; Type: SEQUENCE; Schema: public; Owner: -
--

CREATE SEQUENCE "Provenances_personId_seq"
    START WITH 1
    INCREMENT BY 1
    NO MINVALUE
    NO MAXVALUE
    CACHE 1;


--
-- TOC entry 2277 (class 0 OID 0)
-- Dependencies: 187
-- Name: Provenances_personId_seq; Type: SEQUENCE OWNED BY; Schema: public; Owner: -
--

ALTER SEQUENCE "Provenances_personId_seq" OWNED BY "Provenances"."personId";


--
-- TOC entry 2278 (class 0 OID 0)
-- Dependencies: 187
-- Name: Provenances_personId_seq; Type: SEQUENCE SET; Schema: public; Owner: -
--

SELECT pg_catalog.setval('"Provenances_personId_seq"', 1, false);


--
-- TOC entry 180 (class 1259 OID 27061)
-- Dependencies: 2082 2083 5
-- Name: Scans; Type: TABLE; Schema: public; Owner: -
--

CREATE TABLE "Scans" (
    "scanId" integer NOT NULL,
    page integer,
    status smallint DEFAULT 1 NOT NULL,
    "createdOn" timestamp without time zone,
    "createdBy" character varying(30),
    "changedOn" timestamp without time zone,
    "changedBy" character varying(30),
    width integer NOT NULL,
    height integer NOT NULL,
    "zoomLevel" integer NOT NULL,
    "scanType" character(4) NOT NULL,
    "bindingId" integer,
    "uploadId" integer,
    fulltext text,
    fulltext_vector tsvector,
    "scanName" character varying(255),
    CONSTRAINT "Scans_check1" CHECK (((("scanType" = 'jpeg'::bpchar) OR ("scanType" = 'tiff'::bpchar)) OR ("scanType" = ''::bpchar)))
);


--
-- TOC entry 179 (class 1259 OID 27057)
-- Dependencies: 5 180
-- Name: Scans_scanId_seq; Type: SEQUENCE; Schema: public; Owner: -
--

CREATE SEQUENCE "Scans_scanId_seq"
    START WITH 1
    INCREMENT BY 1
    NO MINVALUE
    NO MAXVALUE
    CACHE 1;


--
-- TOC entry 2279 (class 0 OID 0)
-- Dependencies: 179
-- Name: Scans_scanId_seq; Type: SEQUENCE OWNED BY; Schema: public; Owner: -
--

ALTER SEQUENCE "Scans_scanId_seq" OWNED BY "Scans"."scanId";


--
-- TOC entry 2280 (class 0 OID 0)
-- Dependencies: 179
-- Name: Scans_scanId_seq; Type: SEQUENCE SET; Schema: public; Owner: -
--

SELECT pg_catalog.setval('"Scans_scanId_seq"', 1, false);


--
-- TOC entry 193 (class 1259 OID 27210)
-- Dependencies: 2086 5
-- Name: Settings; Type: TABLE; Schema: public; Owner: -
--

CREATE TABLE "Settings" (
    "settingName" character varying(100) NOT NULL,
    "settingValue" text,
    "createdOn" timestamp without time zone,
    "createdBy" character varying(30),
    "changedOn" timestamp without time zone,
    "changedBy" character varying(30),
    visible bit(1) DEFAULT B'0'::"bit" NOT NULL
);


--
-- TOC entry 201 (class 1259 OID 27276)
-- Dependencies: 5
-- Name: ShelvedBooks; Type: TABLE; Schema: public; Owner: -
--

CREATE TABLE "ShelvedBooks" (
    "bookId" integer NOT NULL,
    "shelfId" integer NOT NULL,
    "createdOn" timestamp without time zone,
    "createdBy" character varying(30),
    "changedOn" timestamp without time zone,
    "changedBy" character varying(30)
);


--
-- TOC entry 200 (class 1259 OID 27264)
-- Dependencies: 2090 2091 5
-- Name: Shelves; Type: TABLE; Schema: public; Owner: -
--

CREATE TABLE "Shelves" (
    "shelfId" integer NOT NULL,
    "userId" integer NOT NULL,
    "shelfName" character varying(40) NOT NULL,
    special bit(1) DEFAULT B'0'::"bit" NOT NULL,
    "createdOn" timestamp without time zone,
    "createdBy" character varying(30),
    "changedOn" timestamp without time zone,
    "changedBy" character varying(30),
    "parentShelfId" integer,
    "position" integer DEFAULT 0
);


--
-- TOC entry 199 (class 1259 OID 27262)
-- Dependencies: 5 200
-- Name: Shelves_shelfId_seq; Type: SEQUENCE; Schema: public; Owner: -
--

CREATE SEQUENCE "Shelves_shelfId_seq"
    START WITH 1
    INCREMENT BY 1
    NO MINVALUE
    NO MAXVALUE
    CACHE 1;


--
-- TOC entry 2281 (class 0 OID 0)
-- Dependencies: 199
-- Name: Shelves_shelfId_seq; Type: SEQUENCE OWNED BY; Schema: public; Owner: -
--

ALTER SEQUENCE "Shelves_shelfId_seq" OWNED BY "Shelves"."shelfId";


--
-- TOC entry 2282 (class 0 OID 0)
-- Dependencies: 199
-- Name: Shelves_shelfId_seq; Type: SEQUENCE SET; Schema: public; Owner: -
--

SELECT pg_catalog.setval('"Shelves_shelfId_seq"', 1, false);


--
-- TOC entry 178 (class 1259 OID 27036)
-- Dependencies: 5
-- Name: TEIFiles; Type: TABLE; Schema: public; Owner: -
--

CREATE TABLE "TEIFiles" (
    "teiFileId" integer NOT NULL,
    "bookId" integer,
    "bindingId" integer,
    filename character varying(255) NOT NULL,
    contents text NOT NULL,
    "createdOn" timestamp without time zone,
    "createdBy" character varying(30),
    "changedOn" timestamp without time zone,
    "changedBy" character varying(30)
);


--
-- TOC entry 177 (class 1259 OID 27034)
-- Dependencies: 5 178
-- Name: TEIFiles_bindingId_seq; Type: SEQUENCE; Schema: public; Owner: -
--

CREATE SEQUENCE "TEIFiles_bindingId_seq"
    START WITH 1
    INCREMENT BY 1
    NO MINVALUE
    NO MAXVALUE
    CACHE 1;


--
-- TOC entry 2283 (class 0 OID 0)
-- Dependencies: 177
-- Name: TEIFiles_bindingId_seq; Type: SEQUENCE OWNED BY; Schema: public; Owner: -
--

ALTER SEQUENCE "TEIFiles_bindingId_seq" OWNED BY "TEIFiles"."bindingId";


--
-- TOC entry 2284 (class 0 OID 0)
-- Dependencies: 177
-- Name: TEIFiles_bindingId_seq; Type: SEQUENCE SET; Schema: public; Owner: -
--

SELECT pg_catalog.setval('"TEIFiles_bindingId_seq"', 1, false);


--
-- TOC entry 176 (class 1259 OID 27032)
-- Dependencies: 178 5
-- Name: TEIFiles_bookId_seq; Type: SEQUENCE; Schema: public; Owner: -
--

CREATE SEQUENCE "TEIFiles_bookId_seq"
    START WITH 1
    INCREMENT BY 1
    NO MINVALUE
    NO MAXVALUE
    CACHE 1;


--
-- TOC entry 2285 (class 0 OID 0)
-- Dependencies: 176
-- Name: TEIFiles_bookId_seq; Type: SEQUENCE OWNED BY; Schema: public; Owner: -
--

ALTER SEQUENCE "TEIFiles_bookId_seq" OWNED BY "TEIFiles"."bookId";


--
-- TOC entry 2286 (class 0 OID 0)
-- Dependencies: 176
-- Name: TEIFiles_bookId_seq; Type: SEQUENCE SET; Schema: public; Owner: -
--

SELECT pg_catalog.setval('"TEIFiles_bookId_seq"', 1, false);


--
-- TOC entry 175 (class 1259 OID 27030)
-- Dependencies: 178 5
-- Name: TEIFiles_teiFileId_seq; Type: SEQUENCE; Schema: public; Owner: -
--

CREATE SEQUENCE "TEIFiles_teiFileId_seq"
    START WITH 1
    INCREMENT BY 1
    NO MINVALUE
    NO MAXVALUE
    CACHE 1;


--
-- TOC entry 2287 (class 0 OID 0)
-- Dependencies: 175
-- Name: TEIFiles_teiFileId_seq; Type: SEQUENCE OWNED BY; Schema: public; Owner: -
--

ALTER SEQUENCE "TEIFiles_teiFileId_seq" OWNED BY "TEIFiles"."teiFileId";


--
-- TOC entry 2288 (class 0 OID 0)
-- Dependencies: 175
-- Name: TEIFiles_teiFileId_seq; Type: SEQUENCE SET; Schema: public; Owner: -
--

SELECT pg_catalog.setval('"TEIFiles_teiFileId_seq"', 1, false);


--
-- TOC entry 196 (class 1259 OID 27225)
-- Dependencies: 5
-- Name: Uploads; Type: TABLE; Schema: public; Owner: -
--

CREATE TABLE "Uploads" (
    "uploadId" integer NOT NULL,
    "userId" integer NOT NULL,
    token character varying(48) NOT NULL,
    filename character varying(255) NOT NULL,
    size integer NOT NULL,
    "timestamp" timestamp without time zone NOT NULL,
    status smallint NOT NULL,
    "createdOn" timestamp without time zone,
    "createdBy" character varying(30),
    "changedOn" timestamp without time zone,
    "changedBy" character varying(30)
);


--
-- TOC entry 194 (class 1259 OID 27221)
-- Dependencies: 196 5
-- Name: Uploads_uploadId_seq; Type: SEQUENCE; Schema: public; Owner: -
--

CREATE SEQUENCE "Uploads_uploadId_seq"
    START WITH 1
    INCREMENT BY 1
    NO MINVALUE
    NO MAXVALUE
    CACHE 1;


--
-- TOC entry 2289 (class 0 OID 0)
-- Dependencies: 194
-- Name: Uploads_uploadId_seq; Type: SEQUENCE OWNED BY; Schema: public; Owner: -
--

ALTER SEQUENCE "Uploads_uploadId_seq" OWNED BY "Uploads"."uploadId";


--
-- TOC entry 2290 (class 0 OID 0)
-- Dependencies: 194
-- Name: Uploads_uploadId_seq; Type: SEQUENCE SET; Schema: public; Owner: -
--

SELECT pg_catalog.setval('"Uploads_uploadId_seq"', 1, false);


--
-- TOC entry 195 (class 1259 OID 27223)
-- Dependencies: 5 196
-- Name: Uploads_userId_seq; Type: SEQUENCE; Schema: public; Owner: -
--

CREATE SEQUENCE "Uploads_userId_seq"
    START WITH 1
    INCREMENT BY 1
    NO MINVALUE
    NO MAXVALUE
    CACHE 1;


--
-- TOC entry 2291 (class 0 OID 0)
-- Dependencies: 195
-- Name: Uploads_userId_seq; Type: SEQUENCE OWNED BY; Schema: public; Owner: -
--

ALTER SEQUENCE "Uploads_userId_seq" OWNED BY "Uploads"."userId";


--
-- TOC entry 2292 (class 0 OID 0)
-- Dependencies: 195
-- Name: Uploads_userId_seq; Type: SEQUENCE SET; Schema: public; Owner: -
--

SELECT pg_catalog.setval('"Uploads_userId_seq"', 1, false);


--
-- TOC entry 162 (class 1259 OID 26908)
-- Dependencies: 2073 2074 5
-- Name: Users; Type: TABLE; Schema: public; Owner: -
--

CREATE TABLE "Users" (
    "userId" integer NOT NULL,
    username character varying(30) NOT NULL,
    "passwordHash" character varying(255) NOT NULL,
    email character varying(256) NOT NULL,
    "firstName" character varying(50),
    "lastName" character varying(50),
    affiliation character varying(50),
    occupation character varying(50),
    website character varying(255),
    "homeAddress" character varying(255),
    banned bit(1) DEFAULT B'0'::"bit" NOT NULL,
    rank smallint DEFAULT 10 NOT NULL,
    "createdOn" timestamp without time zone,
    "createdBy" character varying(30),
    "changedOn" timestamp without time zone,
    "changedBy" character varying(30),
    "passwordRestoreToken" character(32),
    "activationStage" smallint NOT NULL,
    "registrationDate" date NOT NULL,
    "lastActive" timestamp without time zone
);


--
-- TOC entry 161 (class 1259 OID 26906)
-- Dependencies: 162 5
-- Name: Users_userId_seq; Type: SEQUENCE; Schema: public; Owner: -
--

CREATE SEQUENCE "Users_userId_seq"
    START WITH 1
    INCREMENT BY 1
    NO MINVALUE
    NO MAXVALUE
    CACHE 1;


--
-- TOC entry 2293 (class 0 OID 0)
-- Dependencies: 161
-- Name: Users_userId_seq; Type: SEQUENCE OWNED BY; Schema: public; Owner: -
--

ALTER SEQUENCE "Users_userId_seq" OWNED BY "Users"."userId";


--
-- TOC entry 2294 (class 0 OID 0)
-- Dependencies: 161
-- Name: Users_userId_seq; Type: SEQUENCE SET; Schema: public; Owner: -
--

SELECT pg_catalog.setval('"Users_userId_seq"', 1, true);


--
-- TOC entry 2085 (class 2604 OID 27181)
-- Dependencies: 190 191 191
-- Name: annotationId; Type: DEFAULT; Schema: public; Owner: -
--

ALTER TABLE "Annotations" ALTER COLUMN "annotationId" SET DEFAULT nextval('"Annotations_annotationID_seq"'::regclass);


--
-- TOC entry 2077 (class 2604 OID 26987)
-- Dependencies: 170 168 170
-- Name: bindingId; Type: DEFAULT; Schema: public; Owner: -
--

ALTER TABLE "Bindings" ALTER COLUMN "bindingId" SET DEFAULT nextval('"Bindings_bindingId_seq"'::regclass);


--
-- TOC entry 2079 (class 2604 OID 27021)
-- Dependencies: 172 174 174
-- Name: bookId; Type: DEFAULT; Schema: public; Owner: -
--

ALTER TABLE "Books" ALTER COLUMN "bookId" SET DEFAULT nextval('"Books_bookId_seq"'::regclass);


--
-- TOC entry 2094 (class 2604 OID 27563)
-- Dependencies: 210 209 210
-- Name: helpContentId; Type: DEFAULT; Schema: public; Owner: -
--

ALTER TABLE "HelpContents" ALTER COLUMN "helpContentId" SET DEFAULT nextval('"HelpContents_helpContentId_seq"'::regclass);


--
-- TOC entry 2092 (class 2604 OID 27413)
-- Dependencies: 206 205 206
-- Name: helpPageId; Type: DEFAULT; Schema: public; Owner: -
--

ALTER TABLE "HelpPages" ALTER COLUMN "helpPageId" SET DEFAULT nextval('"HelpPages_helpPageId_seq"'::regclass);


--
-- TOC entry 2093 (class 2604 OID 27488)
-- Dependencies: 208 207 208
-- Name: helpParagraphId; Type: DEFAULT; Schema: public; Owner: -
--

ALTER TABLE "HelpParagraphs" ALTER COLUMN "helpParagraphId" SET DEFAULT nextval('"HelpParagraphs_helpParagraphId_seq"'::regclass);


--
-- TOC entry 2088 (class 2604 OID 27249)
-- Dependencies: 198 197 198
-- Name: languageId; Type: DEFAULT; Schema: public; Owner: -
--

ALTER TABLE "Languages" ALTER COLUMN "languageId" SET DEFAULT nextval('"Languages_languageId_seq"'::regclass);


--
-- TOC entry 2076 (class 2604 OID 26972)
-- Dependencies: 167 166 167
-- Name: libraryId; Type: DEFAULT; Schema: public; Owner: -
--

ALTER TABLE "Libraries" ALTER COLUMN "libraryId" SET DEFAULT nextval('"Libraries_libraryId_seq"'::regclass);


--
-- TOC entry 2075 (class 2604 OID 27201)
-- Dependencies: 192 164
-- Name: pendingUserId; Type: DEFAULT; Schema: public; Owner: -
--

ALTER TABLE "PendingUsers" ALTER COLUMN "pendingUserId" SET DEFAULT nextval('"PendingUsers_pendingUserId_seq"'::regclass);


--
-- TOC entry 2084 (class 2604 OID 27078)
-- Dependencies: 181 182 182
-- Name: personId; Type: DEFAULT; Schema: public; Owner: -
--

ALTER TABLE "Persons" ALTER COLUMN "personId" SET DEFAULT nextval('"Persons_personId_seq"'::regclass);


--
-- TOC entry 2081 (class 2604 OID 27064)
-- Dependencies: 180 179 180
-- Name: scanId; Type: DEFAULT; Schema: public; Owner: -
--

ALTER TABLE "Scans" ALTER COLUMN "scanId" SET DEFAULT nextval('"Scans_scanId_seq"'::regclass);


--
-- TOC entry 2089 (class 2604 OID 27267)
-- Dependencies: 199 200 200
-- Name: shelfId; Type: DEFAULT; Schema: public; Owner: -
--

ALTER TABLE "Shelves" ALTER COLUMN "shelfId" SET DEFAULT nextval('"Shelves_shelfId_seq"'::regclass);


--
-- TOC entry 2080 (class 2604 OID 27039)
-- Dependencies: 175 178 178
-- Name: teiFileId; Type: DEFAULT; Schema: public; Owner: -
--

ALTER TABLE "TEIFiles" ALTER COLUMN "teiFileId" SET DEFAULT nextval('"TEIFiles_teiFileId_seq"'::regclass);


--
-- TOC entry 2087 (class 2604 OID 27228)
-- Dependencies: 196 194 196
-- Name: uploadId; Type: DEFAULT; Schema: public; Owner: -
--

ALTER TABLE "Uploads" ALTER COLUMN "uploadId" SET DEFAULT nextval('"Uploads_uploadId_seq"'::regclass);


--
-- TOC entry 2072 (class 2604 OID 26911)
-- Dependencies: 162 161 162
-- Name: userId; Type: DEFAULT; Schema: public; Owner: -
--

ALTER TABLE "Users" ALTER COLUMN "userId" SET DEFAULT nextval('"Users_userId_seq"'::regclass);


--
-- TOC entry 2226 (class 0 OID 27178)
-- Dependencies: 191
-- Data for Name: Annotations; Type: TABLE DATA; Schema: public; Owner: -
--



--
-- TOC entry 2224 (class 0 OID 27085)
-- Dependencies: 185
-- Data for Name: Authors; Type: TABLE DATA; Schema: public; Owner: -
--



--
-- TOC entry 2234 (class 0 OID 27391)
-- Dependencies: 204
-- Data for Name: BindingLanguages; Type: TABLE DATA; Schema: public; Owner: -
--



--
-- TOC entry 2218 (class 0 OID 26984)
-- Dependencies: 170
-- Data for Name: Bindings; Type: TABLE DATA; Schema: public; Owner: -
--



--
-- TOC entry 2219 (class 0 OID 27003)
-- Dependencies: 171
-- Data for Name: BookLanguages; Type: TABLE DATA; Schema: public; Owner: -
--



--
-- TOC entry 2232 (class 0 OID 27291)
-- Dependencies: 202
-- Data for Name: Bookmarks; Type: TABLE DATA; Schema: public; Owner: -
--



--
-- TOC entry 2220 (class 0 OID 27018)
-- Dependencies: 174
-- Data for Name: Books; Type: TABLE DATA; Schema: public; Owner: -
--



--
-- TOC entry 2237 (class 0 OID 27560)
-- Dependencies: 210
-- Data for Name: HelpContents; Type: TABLE DATA; Schema: public; Owner: -
--

INSERT INTO "HelpContents" ("helpContentId", "helpParagraphId", "settingValue", content, "createdOn", "createdBy", "changedOn", "changedBy") VALUES (1, 2, NULL, '<p>
    The notes functionality in this website allows users to keep personal notes on things like important details, references, ideas or quotes, without having to select a text editor. Not having to change programs means that the text in the browser will not be obscured, as often happens on small screens or at lower resolutions.
</p>

<p>
    The notes are available on various pages on the website and can be found in the Workspace sidebar, on the right side of the screen. The notes are personal, which means that nobody but you can read them, and you can''t read other users'' notes. The text is synchronized between all pages: any changes in the notes section on one page will also be made in the notes on all other pages. It is the real life equivalent of a single notebook on a desk next to a pile of books: no matter what book you open on one side, it will still have the single notebook next to it, unchanged.
</p>', NULL, NULL, NULL, NULL);
INSERT INTO "HelpContents" ("helpContentId", "helpParagraphId", "settingValue", content, "createdOn", "createdBy", "changedOn", "changedBy") VALUES (2, 3, NULL, '<p>
Adding notes is easy: simply click in the notes section and start typing. It works just like any other text field and supports features such as:
</p>

<ul>
    <li><b>Selecting</b></li>
    <li><b>Cut / Copy / Paste:</b> (Ctrl+X / Ctrl+C / Ctrl+V) [(Cmd+... on Mac?)]</li>
    <li><b>Moving text:</b> (select text, then left-click on the selected text and drag it to the desired position)</li>
    <li><b>Undo / Redo:</b> (Ctrl+Z / Ctrl+Y) [CHECK IF WORKS ON ALL BROWSERS / EVERY OS (Cmd+Z on Mac?)]</li>
    <li><b>Linebreaks / empty lines</b></li>
</ul>

<p>
    Some browsers have built-in spellchecking support, which (if enabled) should also work on the notes. If you wish to use this functionality, please refer to the help function of your browser to find out more.
</p>

<p>
    Keep in mind that if you add or remove anything, the changes are applied to all the pages, not just the one you are currently viewing!
</p>', NULL, NULL, NULL, NULL);
INSERT INTO "HelpContents" ("helpContentId", "helpParagraphId", "settingValue", content, "createdOn", "createdBy", "changedOn", "changedBy") VALUES (3, 4, NULL, '<p>
    The latest version of your notes are saved in the system, and will still be there next time you log in. However, it is not designed to be the safest place for all your notes. It is only meant to keep your notes visible and in reach for easy access. It is always a good idea to back up any important notes you might write frequently to a local (or online) document. Then, if something goes wrong unexpectedly and the notes are lost, you will still have access to them.
</p>', NULL, NULL, NULL, NULL);
INSERT INTO "HelpContents" ("helpContentId", "helpParagraphId", "settingValue", content, "createdOn", "createdBy", "changedOn", "changedBy") VALUES (4, 6, NULL, '<p>
    You will receive an email at the address you entered, containing a confirmation link. Please follow the link to finalize your registration. You should now be able to log in, and have access to all the features of the website.
</p>', NULL, NULL, NULL, NULL);
INSERT INTO "HelpContents" ("helpContentId", "helpParagraphId", "settingValue", content, "createdOn", "createdBy", "changedOn", "changedBy") VALUES (5, 7, NULL, '<p>
    You can search for books by selecting what you want to limit your search to (''Author'', ''Title'', etc. or simply ''Any'') and then simply entering the search query in the textfield.
</p>

<p>
    You can add more criteria to the search by changing the ''- Select -'' dropdown box to anything else. Another line will automatically be added below.
</p>

<p>
    Removing lines is just as easy: simply either change the a dropdown box back to ''- Select -'', or press the button with the red cross on the right side of a line to remove that line.
</p>

<p>
    After setting the search criteria, simply press ''Search'' (below the search criteria) to get a list of results. If the search results are not what the user was looking for, the query can be changed and a new list of results will be generated after pressing ''Search'' again.
</p>

<p>
    For more advanced search options, please see the list of **Advanced search query notations**.
</p>', NULL, NULL, NULL, NULL);
INSERT INTO "HelpContents" ("helpContentId", "helpParagraphId", "settingValue", content, "createdOn", "createdBy", "changedOn", "changedBy") VALUES (8, 10, NULL, '<p>
    TODO
</p>', NULL, NULL, NULL, NULL);
INSERT INTO "HelpContents" ("helpContentId", "helpParagraphId", "settingValue", content, "createdOn", "createdBy", "changedOn", "changedBy") VALUES (9, 11, NULL, '<p>
    Logged in users can see the list of registered users by pressing the ''Users'' button. Here, you can see the public information of all the users, for example in case you want to check the correct spelling of a user''s name, or need to contact them.
</p>', NULL, NULL, NULL, NULL);
INSERT INTO "HelpContents" ("helpContentId", "helpParagraphId", "settingValue", content, "createdOn", "createdBy", "changedOn", "changedBy") VALUES (17, 30, NULL, '<ul>
    <li><b>Login:</b> To log in, first you need to **Register**. Once you have finished registration, simply press the button saying ''Login'', enter your username and password, and press ''Login''.</li>
    <li><b>Logout:</b> To log out, simply press the ''Logout'' button, which replaces the ''Log in'' button while you are logged in.</li>
</ul>', NULL, NULL, NULL, NULL);
INSERT INTO "HelpContents" ("helpContentId", "helpParagraphId", "settingValue", content, "createdOn", "createdBy", "changedOn", "changedBy") VALUES (18, 31, NULL, '<p>
    There is also an explanation for admins, available on **Admin**.
</p>', NULL, NULL, NULL, NULL);
INSERT INTO "HelpContents" ("helpContentId", "helpParagraphId", "settingValue", content, "createdOn", "createdBy", "changedOn", "changedBy") VALUES (19, 5, NULL, '<p>
    After pressing the ''Register'' button, you will see a list of fields to fill out. All fields with a * after the description are mandatory. Some notes:
</p>

<ul>
    <li><b>Username:</b> You should enter a username of at least 6 characters. It can only contain numbers, uppercase and lowercase letters, spaces, and any of the following characters: _ . '' @ </li>
    <li><b>Email address:</b> This should be a valid email address, because a confirmation mail will be sent here.</li>
    <li><b>Password:</b> This needs to be at least 8 characters long. Please always make sure you choose a secure password, preferably something not easily guessed by others but easy to remember.</li>
</ul>

<p>
    After reading and accepting the ''<a href="#termsofuse" title="Open terms of use">terms of use</a>'', please check the checkbox and press the ''Register'' button at the bottom of the page.
</p>', NULL, NULL, NULL, NULL);
INSERT INTO "HelpContents" ("helpContentId", "helpParagraphId", "settingValue", content, "createdOn", "createdBy", "changedOn", "changedBy") VALUES (27, 23, NULL, '<p>
    You can go to the first page of a book through the book informatiion box.
</p>
<ul>
    <li>Open the book information box in the information sidebar to the left.</li>
    <li>Click on the page number displayed beneath the title of the book you want to go to.</li>
</ul>', NULL, NULL, NULL, NULL);
INSERT INTO "HelpContents" ("helpContentId", "helpParagraphId", "settingValue", content, "createdOn", "createdBy", "changedOn", "changedBy") VALUES (36, 36, NULL, '', NULL, NULL, NULL, NULL);
INSERT INTO "HelpContents" ("helpContentId", "helpParagraphId", "settingValue", content, "createdOn", "createdBy", "changedOn", "changedBy") VALUES (24, 20, NULL, '<p>
    To go to the previous page:
</p>
<ul>
    <li>Click the previous page button in the buttons bar.</li>
</ul>
<p>
    The button is to the left of the textfield displaying the current page number. This function is only available if there is a previous page to go to.
</p>', NULL, NULL, NULL, NULL);
INSERT INTO "HelpContents" ("helpContentId", "helpParagraphId", "settingValue", content, "createdOn", "createdBy", "changedOn", "changedBy") VALUES (37, 42, NULL, '<p>
    To delete transcriptions, you must be in the edit mode.
</p>
<p>
    You can delete an annotation marker and all transcriptions added to it.
</p>
<ol>
    <li>Select the erasor tool, on the right of the buttons bar</li>
    <li>Click the annotation of which you want to delete all transcriptions</li>
</ol>
<p>
    To make the delete permanent, you must save by clicking the ''save button'' in the annotations tab. You can also undo the deletion by clicking the ''reset'' button.
</p>', NULL, NULL, NULL, NULL);
INSERT INTO "HelpContents" ("helpContentId", "helpParagraphId", "settingValue", content, "createdOn", "createdBy", "changedOn", "changedBy") VALUES (38, 41, NULL, '<p>
    To edit polygons, you must be in the edit mode.
</p>
<p>
    The wireframe surrounding an annotation is a polygon. You can move, add and delete points of a polygon. 
</p>
<ul>
    <li>
        <p>
            <b>Move point</b>
        </p>
        <p>
            Select the ''move a vertex'' tool from the buttons list, it is located next to the rectangle tool.
        </p>
        <p>
            You can now grab and drag points of polygons.
        </p>
    </li>
    <li>
        <p>
            <b>Add point</b>
        </p>
        <p>
            Select the ''add a vertex'' tool from the buttons list, it is located next to the ''move a vertex'' tool.
        </p>
        <p>
            Click inside a polygon to add a point to it. To add a point outside the current boundery of a polygon, move the added point to the desired location.
        </p>
    </li>
    <li>
        <p>
            <b>Delete point</b>
        </p>
            Select the ''erase a vertex'' tool from the buttons list, it is located next to the ''add a vertex'' tool.
        <p>
            Click the point you want to remove.
        </p>
        <p>
        </p>
    </li>
</ul>
<p>
    To save the changes, click the ''save'' button in the annotations tab.
</p>', NULL, NULL, NULL, NULL);
INSERT INTO "HelpContents" ("helpContentId", "helpParagraphId", "settingValue", content, "createdOn", "createdBy", "changedOn", "changedBy") VALUES (39, 40, NULL, '<p>
    To add transcriptions, you must be in the edit mode.
</p>
<p>
    To make a transcription, you must first mark the annotation you are transcribing. This can be done in two ways:
</p>
<ol>
    <li>
        <p>
            <b>Polygon tool</b>
        </p>
        <p>
            The polygon tool is next to the drag tool on the buttons bar. Click to place a point on the page. Every next point you place, will be connected to the last point, forming a wireframe. To close the shape, either double click, or rightclick with the mouse.
        </p>
    </li>
    <li><p>
            <b>Rectangle tool</b>
        </p>
        <p>
            The rectangle tool is next to the polygon tool on the buttons bar. Click and drag to make a rectangle polygon.
        </p>
    </li>
</ol>
<p>
    If the wireframe needs more working, you can also **edit the polygon||Viewer/Add and edit transcriptions/Edit polygon**
</p>
<p>
    After completing the wireframe, a new annotation is added to the list in the annotations tab. Now, a **transcription can be added||Viewer/Add and edit transcriptions/Add and edit text** to the annotation.
</p>
<p>
    To save your work, click the ''save'' button in the annotations tab.
</p>

Add and edit text
<p>
    To edit transcriptions, you must be in the edit mode.
</p>
<p>
    To add or edit the transcription of an annotation:
</p>
<ol>
    <li>Click the edit button next to the annotation in the annotations list, found in the annotations tab.</li>
    <li>Enter the transcription(s) in the textboxes in the popup</li>
    <li>Click on done</li>
</ol>
<p>
    To save your work, click the ''save'' button in the annotations tab.
</p>', NULL, NULL, NULL, NULL);
INSERT INTO "HelpContents" ("helpContentId", "helpParagraphId", "settingValue", content, "createdOn", "createdBy", "changedOn", "changedBy") VALUES (40, 39, NULL, '<p>
    To add transcriptions, you must be in the edit mode.
</p>
<p>
    To make a transcription, you must first mark the annotation you are transcribing. This can be done in two ways:
</p>
<ol>
    <li>
        <p>
            <b>Polygon tool</b>
        </p>
        <p>
            The polygon tool is next to the drag tool on the buttons bar. Click to place a point on the page. Every next point you place, will be connected to the last point, forming a wireframe. To close the shape, either double click, or rightclick with the mouse.
        </p>
    </li>
    <li><p>
            <b>Rectangle tool</b>
        </p>
        <p>
            The rectangle tool is next to the polygon tool on the buttons bar. Click and drag to make a rectangle polygon.
        </p>
    </li>
</ol>
<p>
    If the wireframe needs more working, you can also **edit the polygon||Viewer/Add and edit transcriptions/Edit polygon**
</p>
<p>
    After completing the wireframe, a new annotation is added to the list in the annotations tab. Now, a **transcription can be added||Viewer/Add and edit transcriptions/Add and edit text** to the annotation.
</p>
<p>
    To save your work, click the ''save'' button in the annotations tab.
</p>', NULL, NULL, NULL, NULL);
INSERT INTO "HelpContents" ("helpContentId", "helpParagraphId", "settingValue", content, "createdOn", "createdBy", "changedOn", "changedBy") VALUES (41, 37, NULL, '<p>
    Users can mark annotations on the page and add transcriptions to them. A marked annotation has a wireframe surrounding it, which will light up when the mouse is moved over it.
</p>
<p>
    The transcription of a selected annotation can be viewed in the annotations tab, in the workspace on the right of the screen. An annotation can be selected in two ways:
</p>
<ol>
    <li>Click on the annotation on the page.</li>
    <li>Select the annotation from the list in the annotations tab.</li>
</ol>
<p>
    Transcriptions can be made in two languages, the orriginal and English. With the dropdown box in the right corner of the annotations tab, the language for the transcriptions can be selected. However, an annotation does not always have a transcription, or only have it one of the two languages.
</p>
<p>
    <b>Note:</b> Every anotation has a creation date and a last edited date. These can also be viewed in the annotations tab.
</p>', NULL, NULL, NULL, NULL);
INSERT INTO "HelpContents" ("helpContentId", "helpParagraphId", "settingValue", content, "createdOn", "createdBy", "changedOn", "changedBy") VALUES (42, 38, NULL, '<p>
    To add or edit transcriptions, enter edit mode by clicking the ''edit mode'' button in the annotations tab.
</p>
<p>
    A set of new functions becomes availeble on the buttons bar at the top of the viewer. Click the ''view mode'' button in the annotations tab to return to the viewing mode.
</p>
<p>
    What do you want to do?
</p>
<ul>
    <li>**Add a transcription||Viewer/Add and edit transcriptions/Add transcription**</li>
    <li>**Edit text||Viewer/Add and edit transcriptions/Add and edit text**</li>
    <li>**Edit wireframe||Viewer/Add and edit transcriptions/Edit polygon**</li>
    <li>**Delete a transcription||Viewer/Add and edit transcriptions/Delete a transcription**</li>
</ul>', NULL, NULL, NULL, NULL);
INSERT INTO "HelpContents" ("helpContentId", "helpParagraphId", "settingValue", content, "createdOn", "createdBy", "changedOn", "changedBy") VALUES (6, 8, NULL, '<p>
    To sort the list of results, there is a set of dropdown boxes in the Advanced options sidebar on the left side of the screen. To sort the list by one attribute, simply select it in the first dropdown box, and the list should be automatically sorted. If further sorting within this already sorted list is required, select another attribute in the second dropdown box. If necessary, a third can also be added.
</p>

<p>
    If you want to invert the sorting, for instance from Z to A or 999 to 1, simply check the checkbox to the right of the sorting you want to invert. The other sorting criteria will be unaffected.
</p>', NULL, NULL, NULL, NULL);
INSERT INTO "HelpContents" ("helpContentId", "helpParagraphId", "settingValue", content, "createdOn", "createdBy", "changedOn", "changedBy") VALUES (7, 9, NULL, '<p>
    To change what attributes of the books in the list of search results are shown, go to the ''Result options'' in the Advanced options sidebar on the left side of the screen, below the ''**Sorting options||Search/Sorting options**''. To show or hide the attributes, simply check or uncheck the checkbox in front of the corresponding attribute name.
</p>

<p>
    In this menu you can also change how many results are shown per page: simply select the preferred amount in the dropdown box.
</p>', NULL, NULL, NULL, NULL);
INSERT INTO "HelpContents" ("helpContentId", "helpParagraphId", "settingValue", content, "createdOn", "createdBy", "changedOn", "changedBy") VALUES (32, 32, NULL, '<p>
    As is to be expected, adding material to this website requires you to understand and agree with the terms and conditions. In particular, it is not allowed to upload scans if you do not have the permission to do so. Also, it is required that the scans have a high enough quality. The rules and specifics of uploading are detailed on the page that is shown when you press the ''Upload'' button at the top of the screen.

    After you have read the rules and agree with them, press ''Continue'' to progress to the actual uploading screen.
</p>', NULL, NULL, NULL, NULL);
INSERT INTO "HelpContents" ("helpContentId", "helpParagraphId", "settingValue", content, "createdOn", "createdBy", "changedOn", "changedBy") VALUES (33, 33, NULL, '<p>
    Uploading books is done by selecting the scans of the books, entering the **information of the binding**, and finally entering the **information of any books** that might be contained within the binding.

    Uploading scans is done by pressing the ''Select scans'' button and selecting all the scan files (.tiff and .jpg are supported). The scans will automatically start uploading, and will be processed for viewing while you fill out the rest of the form below. If you need to add more scans, simply press the ''Select scans'' button again. Any scans you select will be added to the list of scans already uploading.

    If the selected scans are wrong, press the red cross behind the wrong scans to cancel that upload, or simply press the ''Clear scans'' button to cancel the upload of all scans. You can then select new scans to upload if necessary.

    Should you for some reason need to remove even the information contained within the forms instead of only the scans, simply press the ''Reset'' button at the bottom of the page. This will clear all fields and reset it to its default state so you can start over. Please take note that you can not undo this.

    Finally, once everything is done, press ''Continue'' to finalize the uploading process.
</p>', NULL, NULL, NULL, NULL);
INSERT INTO "HelpContents" ("helpContentId", "helpParagraphId", "settingValue", content, "createdOn", "createdBy", "changedOn", "changedBy") VALUES (34, 34, NULL, '<p>
    As the scans are uploading and being processed by the system, you can fill out the binding information. The binding is the encompassing whole around any books that might be contained within, be it one or multiple. This part of the form contains the following fields:
<ul>
    <li><b>Library:</b> the library in which the binding that is the source of the scans can be found. This is a mandatory field.</li>
    <li><b>Shelfmark:</b> the shelfmark of the binding in its current location. This is a mandatory field.</li>
    <li><b>Readers:</b> the people who have read or owned the book, and possibly made the annotations within.</li>
    <li><b>Languages of annotations:</b> the languages in which the annotations are written. Simply open the dropdown box by clicking on it, (de)select the correct languages by clicking on them, then click outside the dropdown box to close it.</li>
</ul>
</p>', NULL, NULL, NULL, NULL);
INSERT INTO "HelpContents" ("helpContentId", "helpParagraphId", "settingValue", content, "createdOn", "createdBy", "changedOn", "changedBy") VALUES (35, 35, NULL, '<p>
    If a binding contains one book, simply fill out the form as described below. If it contains multiple works bound together in a single binding, press the ''Add book'' button at the bottom until there are enough forms for every book. Press ''Delete book'' below the form you want to remove if you added too many. Make sure you do not remove the valid ones, or you will have to fill out the form again. If you are not sure, looking at the lines around the forms may help as a guideline to find out what button belongs with what form.

    The following fields are shown for every book:
<ul>
    <li><b>Title:</b> the title of the book. This is a mandatory field.</li>
    <li><b>Author:</b> the author of the book, if known.</li>
    <li><b>Time period of publication:</b> the time period of publication, approximated if necessary. This is a mandatory field.</li>
    <li><b>Place published:</b> the location where the book was published.</li>
    <li><b>Languages:</b> the language(s) in which this book was written. This is a mandatory field.</li>
    <li><b>Version:</b> if the book has a version indication, please add it here.</li>
    <li><b>Publisher/printer:</b> the publisher or printer that manufactured this copy of the book.</li>
</ul>
</p>', NULL, NULL, NULL, NULL);
INSERT INTO "HelpContents" ("helpContentId", "helpParagraphId", "settingValue", content, "createdOn", "createdBy", "changedOn", "changedBy") VALUES (31, 12, NULL, '<p>
    The viewer is used to view scans, read and add transcriptions and download the books for study offline.
</p>

<p>
    What do you want to do?
</p>
<ul>
    <li>**Zoom, move or rotate a page||Viewer/Basic viewer functionalities**</li>
    <li>**Go to another page||Viewer/Go to another page**</li>
    <li>**View information about a binding||Viewer/View information about a binding**</li>
    <li>**Link to a page, book or binding||Link to a page, book or binding**</li>
    <li>**Export to pdf||Viewer/Export to pdf** </li>
    <li>**Read transcriptions of annotations||Viewer/Read transcriptions of annotations**</li>
    <li>**Add and edit transcriptions||Viewer/Add and edit transcriptions**</li>
</ul>', NULL, NULL, NULL, NULL);
INSERT INTO "HelpContents" ("helpContentId", "helpParagraphId", "settingValue", content, "createdOn", "createdBy", "changedOn", "changedBy") VALUES (10, 13, NULL, '<p>What do you want to do?</p>
<ul>
    <li>**Zoom in||Viewer/Basic viewer functionalities/Zoom in**</li>
    <li>**Zoom out||Viewer/Basic viewer functionalities/Zoom out**</li>
    <li>**Move the page||Viewer/Basic viewer functionalities/Move across page**</li>
    <li>**Rotate||Viewer/Basic viewer functionalities/Rotate**</li>
    <li>**Reset the view||Viewer/Basic viewer functionalities/Reset the view**</li>
</ul>', NULL, NULL, NULL, NULL);
INSERT INTO "HelpContents" ("helpContentId", "helpParagraphId", "settingValue", content, "createdOn", "createdBy", "changedOn", "changedBy") VALUES (20, 14, NULL, '<p>
    When the page is first displayed in the viewer, it will be in a standard zoom: the whole page is visible on the screen. To get a better view of the page and details you are interested in, you can zoom in.
</p>
<p>
    There are several ways of zooming in:
</p>
<ul>
    <li><b>Zoom slider</b>
        <ul>
            <li>Grab the zoom slider and move it to the right.</li>
            <li>When the slider is all the way to the right, the page is at its maximum zoom.</li>
            <li>The center of the view will not change.</li>  
        </ul>
    </li>
    <li><b>Mouse scroll wheel</b>
        <ul>
            <li>Scroll forward with the mouse scroll wheel.</li>
            <li>The center of the view will be moved in the direction of the mouse.</li>
        </ul>
    </li>
    <li><b>Double clicking</b>
        <ul>
            <li>Double click in the page on the part you want to zoom in on.</li>
            <li>The place that was double clicked will become the new center of the view.</li>
        </ul>
    </li>
    <li><b>Numpad +</b>
        <ul>
            <li>Press the numpad + to zoom in.</li>
        </ul>
    </li>
</ul>
<p>
    The center of the view, is the part of the page that is in the middle of the viewer.
</p>
<p>
    <b>Tip:</b> You can also change the zoom by clicking on the bar of the zoom slider. The slider will be moved to that point and the zoom adjusted accordingly.</p>
</p>', NULL, NULL, NULL, NULL);
INSERT INTO "HelpContents" ("helpContentId", "helpParagraphId", "settingValue", content, "createdOn", "createdBy", "changedOn", "changedBy") VALUES (21, 15, NULL, '<p>
    There are three ways of zooming out:
</p>
<ul>
    <li><b>Zoom slider</b>
        <ul>
            <li>Grab the zoom slider and move it to the left.</li>
            <li>When the slider is all the way to the left, the page is at its minimum zoom.</li>
            <li>The page will move to the centre of the view, as it is zoomed out to the point where the whole page is visible.</li>  
        </ul>
    </li>
    <li><b>Mouse scroll wheel</b>
        <ul>
            <li>Scroll backward with the mouse scroll wheel.</li>
        </ul>
    </li>
    <li><b>Numpad -</b>
        <ul>
            <li>Press the numpad - to zoom out.</li>
        </ul>
    </li>
</ul>
<p>
    The center of the view, is the part of the page that is in the middle of the viewer.
</p>
<p>
    <b>Tip:</b> You can also reset the zoom and rotation with the **reset the view** function.
</p>', NULL, NULL, NULL, NULL);
INSERT INTO "HelpContents" ("helpContentId", "helpParagraphId", "settingValue", content, "createdOn", "createdBy", "changedOn", "changedBy") VALUES (22, 16, NULL, '<p>
    There are two ways to move the view of a page:
</p>
<ul>
    <li><b>Drag with the mouse</b>
    <ol>
        <li>Click and hold inside the viewer.</li>
        <li>Drag the mouse to move the page.</li>
    </ol>
    </li>
    <li><b>Move with the keyboard</b>
    <ul>
        <li><b>Numpad 8:</b> moves the view up.</li>
        <li><b>Numpad 2:</b> moves the view down.</li>
        <li><b>Numpad 4:</b> moves the view to the left.</li>
        <li><b>Numpad 6:</b> moves the view to the right.</li>
    </ul>
    </li>
</ul>
<p>
    <b>Tip:</b> The navigation box displays a red square on the page thumbnail of the current page, showing where you are.
</p>', NULL, NULL, NULL, NULL);
INSERT INTO "HelpContents" ("helpContentId", "helpParagraphId", "settingValue", content, "createdOn", "createdBy", "changedOn", "changedBy") VALUES (23, 17, NULL, '<p>
    There are two types of rotation. The crude rotation with buttons, from the buttons bar, and the more refined mouse rotation, which allows for very precise rotating.
</p>
<ul>
    <li><b>Buttons rotation</b>
    <ul>
        <li><b>Left rotate button:</b> rotates the page 45 degrees to the left.</li>
        <li><b>Right rotate button:</b> rotates the page 45 degrees to the right.</li>
    </ul>
    </li>
    <li><b>Mouse rotation</b>
    <ol>
        <li>Press and hold the ctrl key.</li>
        <li>Click and hold inside the viewer.</li>
        <li>Drag the mouse to a side to rotate.</li>
        <li>Release the mouse and ctrl key when you are done rotating.</li>
    </ol>
    </li>
</ul>
<p>
    When rotating, the center of the view is not changed.
</p>
<p>
    <b>Tip:</b> When you want to set the page straight again, you can use the **reset the view||Viewer/Reset the view** function to easely undo the rotation and zooming.</li>
</p>', NULL, NULL, NULL, NULL);
INSERT INTO "HelpContents" ("helpContentId", "helpParagraphId", "settingValue", content, "createdOn", "createdBy", "changedOn", "changedBy") VALUES (13, 18, NULL, '<p>
    Reset the view is used to undo zooming and rotating. It restores the page to the view it was first presented in.
</p>
<p>
    There are two ways to activate this function:
</p>
<ul>
    <li>Click the reset view button on the buttons bar, to the right of the last page button.</li>
    <li>Press the home key on your keyboard.</li>
</ul>', NULL, NULL, NULL, NULL);
INSERT INTO "HelpContents" ("helpContentId", "helpParagraphId", "settingValue", content, "createdOn", "createdBy", "changedOn", "changedBy") VALUES (12, 19, NULL, '<p>
    Where in the binding do you want to go?
</p>
<ul>
    <li>**Previous page||Viewer/Go to another page/Previous page**</li>
    <li>**Next page||Viewer/Go to another page/Next page**</li>
    <li>**First page||Viewer/Go to another page/First page**</li>
    <li>**Last page||Viewer/Go to another page/Last page**</li>
    <li>**Certain page number||Viewer/Go to another page/Certain page number**</li>
    <li>**Select a page||Viewer/Go to another page/Select a page**</li>
</ul>', NULL, NULL, NULL, NULL);
INSERT INTO "HelpContents" ("helpContentId", "helpParagraphId", "settingValue", content, "createdOn", "createdBy", "changedOn", "changedBy") VALUES (25, 21, NULL, '<p>
    To go to the next page:
</p>
<ul>
    <li>Click the next page button in the buttons bar.</li>
</ul>
<p>
    The button is to the right of the textfield displaying the current page number. This function is only available if there is a next page.
</p>', NULL, NULL, NULL, NULL);
INSERT INTO "HelpContents" ("helpContentId", "helpParagraphId", "settingValue", content, "createdOn", "createdBy", "changedOn", "changedBy") VALUES (26, 22, NULL, '<p>
    With an easy press of a button, you can go straight to the first page in the binding.
</p>
<ul>
    <li>Click the first page button to go to the first page.</li>
</ul>
<p>
    The first page button is on the buttons bar, to the left of the next page button. This function is unavailable if the first page is already being displayed in the viewer.
</p>', NULL, NULL, NULL, NULL);
INSERT INTO "HelpContents" ("helpContentId", "helpParagraphId", "settingValue", content, "createdOn", "createdBy", "changedOn", "changedBy") VALUES (28, 24, NULL, '<p>
    You can skip straight to the end of the binding.
</p>
<ul>
    <li>Click the last page button to go to the last page.</li>
</ul>
<p>
    The last page button is on the buttons bar, to the right of the next page button. This function is unavaileble if the last page is already being displayed.
</p>', NULL, NULL, NULL, NULL);
INSERT INTO "HelpContents" ("helpContentId", "helpParagraphId", "settingValue", content, "createdOn", "createdBy", "changedOn", "changedBy") VALUES (29, 25, NULL, '<p>
    To directly go to a certain page:
</p>
<ol>
    <li>Enter the page number in the page number textfield.</li>
    <li>Press the enter key to load the requested page in the viewer.</li>
</ol>
<p>
    The page number textfield is found on the buttons bar in the viewer. It displays the page number of the currently being displayed page.
</p>
<p>    
    Do note that the page number used in the system may not be equivalent to the page number in the real book. The number represents the numeration of the scans. Extra scans, like the cover, or scans displaying two pages, effect the numbering.
</p>
<p>
    <b>Tip:</b>  You can also **select a page||Viewer/Select a page** in the book navigation box. 
</p>', NULL, NULL, NULL, NULL);
INSERT INTO "HelpContents" ("helpContentId", "helpParagraphId", "settingValue", content, "createdOn", "createdBy", "changedOn", "changedBy") VALUES (30, 26, NULL, '<p>
    To quickly find an interesting looking page, you can use the navigation box in the information sidebar.
</p>
<ol>
    <li>Open the navigation box in the information sidebar to the right in the viewer.</li>
    <li>Find the page in the navigation box.</li>
    <li>Click the page and it is displayed in the viewer.</li>
</ol>
<p>
    <b>Tip:</b> Also note that the currently being viewed page has a red border marking the part of the page visible in the viewer.
</p>', NULL, NULL, NULL, NULL);
INSERT INTO "HelpContents" ("helpContentId", "helpParagraphId", "settingValue", content, "createdOn", "createdBy", "changedOn", "changedBy") VALUES (14, 27, NULL, '<p>
    For referring to a certain page, book or binding, there is the reference box in the information sidebar, which supplies links to each of these.
</p>

<ul>
    <li><b>Link to this binding:</b> supplies a link to the first page of the binding.</li>
    <li><b>Link to this book:</b> supplies a link to the first page of the book you are currently in.</li>
    <li><b>Link to this page:</b> supplies a link to the page currently being displayed in the viewer.</li>
</ul>

<p>
    To take the link out of the system, you need to copy and paste it:
</p>

<ol>
    <li>Open the reference box in the information sidebar.</li>
    <li>Click on the field of the link.</li>
    <li>Press ctrl + c to copy the link or rightclick on the field (with the link selected) and click on copy in the menu.</li>
    <li>You can now paste the link.</li>
</ol>

<p>
    <b>Tip:</b> The pages and transcriptions online can change over time. If you want a secure copy of the page and transcriptions, you should **export to pdf**.
</p>', NULL, NULL, NULL, NULL);
INSERT INTO "HelpContents" ("helpContentId", "helpParagraphId", "settingValue", content, "createdOn", "createdBy", "changedOn", "changedBy") VALUES (15, 28, NULL, '<ul>
    <li>All main functionality on this website is accessed through the buttons at the top of the page.</li>
    <li>The buttons will open new tabs, which will show up below the buttons. Click on them to open the page, or press the small ''x'' in the corner of a tab to close that tab.</li>
    <li>As a guest, you will see only a few buttons. Registered users will have more permissions, and once logged in will be able to see and click on more buttons to access additional functions. It is therefore recommended to start out by **registering||Register**, although registration is not needed for simply viewing the books.</li>
    <li>If you ever need help, simply press the ''Help'' button. It will open with information related to the page you were on while pressing the button.</li>
    <li>Many pages have sidebars: these contain extra functionalities and information concerning the current page. Pressing the arrow button at the top right of these sidebars will fold them away, or show them again. On some screens, you can change the width of the sidebars by left-clicking on the edge and dragging it left or right.</li>
</ul>', NULL, NULL, NULL, NULL);
INSERT INTO "HelpContents" ("helpContentId", "helpParagraphId", "settingValue", content, "createdOn", "createdBy", "changedOn", "changedBy") VALUES (16, 29, NULL, '<p>
    The following is a short explanation of all the buttons. Some of these are only available and visible to logged in users. Click on the links for further details.
</p>

<ul>
    <li><b>**Search||Search**:</b> This is used to find and open books for reading.</li>
    <li><b>**Upload||Upload**:</b> Uploading new books can be done by pressing this button and following the instructions.</li>
    <li><b>Info:</b> For more information on what this website is about and its background, click here.</li>
    <li><b>Help:</b> Opens the help functionality. It will automatically open on the subject related to the type of page you are currently viewing.</li>
    <li><b>Users:</b> Shows the list of registered users.</li>
    <li><b>**Register||Register**:</b> Used for registering a new account.</li>
    <li><b>**Login / Logout||Welcome\Login / Logout**:</b> Used to enter your account and access all functionality.</li>
    <li><b>Forgot password?:</b> If you have forgotten your password, you can retrieve it here. </li>
    <li><b>**Edit profile||Edit profile**:</b> To change personal information or your password.</li>
</ul>', NULL, NULL, NULL, NULL);
INSERT INTO "HelpContents" ("helpContentId", "helpParagraphId", "settingValue", content, "createdOn", "createdBy", "changedOn", "changedBy") VALUES (11, 1, NULL, '<p>
    In case you ever want to change your password or the personal information you entered during **Register||registering**, simply press the ''Edit profile'' button while logged in. It will open a popup window in which you can edit your email address, first and last name, affiliation, occupation, website and password.
</p>

<p>
    In case you wish to change your password, make sure to fill in the ''Current password'' field as well as ''New password'' (and repeating the new password in the ''Repeat password'' field). This is an extra security check.
</p>', NULL, NULL, NULL, NULL);


--
-- TOC entry 2235 (class 0 OID 27410)
-- Dependencies: 206
-- Data for Name: HelpPages; Type: TABLE DATA; Schema: public; Owner: -
--

INSERT INTO "HelpPages" ("helpPageId", "pageName", "createdOn", "createdBy", "changedOn", "changedBy", "helpType") VALUES (2, 'Notes', NULL, NULL, NULL, NULL, NULL);
INSERT INTO "HelpPages" ("helpPageId", "pageName", "createdOn", "createdBy", "changedOn", "changedBy", "helpType") VALUES (3, 'Register', NULL, NULL, NULL, NULL, 'register');
INSERT INTO "HelpPages" ("helpPageId", "pageName", "createdOn", "createdBy", "changedOn", "changedBy", "helpType") VALUES (4, 'Search', NULL, NULL, NULL, NULL, 'search');
INSERT INTO "HelpPages" ("helpPageId", "pageName", "createdOn", "createdBy", "changedOn", "changedBy", "helpType") VALUES (5, 'Userlist', NULL, NULL, NULL, NULL, 'users');
INSERT INTO "HelpPages" ("helpPageId", "pageName", "createdOn", "createdBy", "changedOn", "changedBy", "helpType") VALUES (6, 'Viewer', NULL, NULL, NULL, NULL, 'binding');
INSERT INTO "HelpPages" ("helpPageId", "pageName", "createdOn", "createdBy", "changedOn", "changedBy", "helpType") VALUES (7, 'Welcome', NULL, NULL, NULL, NULL, 'welcome');
INSERT INTO "HelpPages" ("helpPageId", "pageName", "createdOn", "createdBy", "changedOn", "changedBy", "helpType") VALUES (8, 'Upload', NULL, NULL, NULL, NULL, 'upload');


--
-- TOC entry 2236 (class 0 OID 27485)
-- Dependencies: 208
-- Data for Name: HelpParagraphs; Type: TABLE DATA; Schema: public; Owner: -
--

INSERT INTO "HelpParagraphs" ("helpParagraphId", "helpPageId", "paragraphParentId", "actionName", title, "createdOn", "createdBy", "changedOn", "changedBy", "settingName") VALUES (2, 2, NULL, 'manage-notebook', 'Introduction', NULL, NULL, NULL, NULL, NULL);
INSERT INTO "HelpParagraphs" ("helpParagraphId", "helpPageId", "paragraphParentId", "actionName", title, "createdOn", "createdBy", "changedOn", "changedBy", "settingName") VALUES (3, 2, NULL, 'manage-notebook', 'Adding / removing notes', NULL, NULL, NULL, NULL, NULL);
INSERT INTO "HelpParagraphs" ("helpParagraphId", "helpPageId", "paragraphParentId", "actionName", title, "createdOn", "createdBy", "changedOn", "changedBy", "settingName") VALUES (4, 2, NULL, 'manage-notebook', 'Saving notes', NULL, NULL, NULL, NULL, NULL);
INSERT INTO "HelpParagraphs" ("helpParagraphId", "helpPageId", "paragraphParentId", "actionName", title, "createdOn", "createdBy", "changedOn", "changedBy", "settingName") VALUES (6, 3, NULL, NULL, 'Finalizing your registration', NULL, NULL, NULL, NULL, NULL);
INSERT INTO "HelpParagraphs" ("helpParagraphId", "helpPageId", "paragraphParentId", "actionName", title, "createdOn", "createdBy", "changedOn", "changedBy", "settingName") VALUES (7, 4, NULL, NULL, 'Introduction', NULL, NULL, NULL, NULL, NULL);
INSERT INTO "HelpParagraphs" ("helpParagraphId", "helpPageId", "paragraphParentId", "actionName", title, "createdOn", "createdBy", "changedOn", "changedBy", "settingName") VALUES (8, 4, NULL, NULL, 'Sorting options', NULL, NULL, NULL, NULL, NULL);
INSERT INTO "HelpParagraphs" ("helpParagraphId", "helpPageId", "paragraphParentId", "actionName", title, "createdOn", "createdBy", "changedOn", "changedBy", "settingName") VALUES (9, 4, NULL, NULL, 'Result options', NULL, NULL, NULL, NULL, NULL);
INSERT INTO "HelpParagraphs" ("helpParagraphId", "helpPageId", "paragraphParentId", "actionName", title, "createdOn", "createdBy", "changedOn", "changedBy", "settingName") VALUES (10, 4, NULL, NULL, 'Advanced search query notations', NULL, NULL, NULL, NULL, NULL);
INSERT INTO "HelpParagraphs" ("helpParagraphId", "helpPageId", "paragraphParentId", "actionName", title, "createdOn", "createdBy", "changedOn", "changedBy", "settingName") VALUES (11, 5, NULL, 'view-users-part', 'Userlist', NULL, NULL, NULL, NULL, NULL);
INSERT INTO "HelpParagraphs" ("helpParagraphId", "helpPageId", "paragraphParentId", "actionName", title, "createdOn", "createdBy", "changedOn", "changedBy", "settingName") VALUES (13, 6, NULL, NULL, 'Basic viewer functionalities', NULL, NULL, NULL, NULL, NULL);
INSERT INTO "HelpParagraphs" ("helpParagraphId", "helpPageId", "paragraphParentId", "actionName", title, "createdOn", "createdBy", "changedOn", "changedBy", "settingName") VALUES (1, 7, NULL, NULL, 'Edit profile', NULL, NULL, NULL, NULL, NULL);
INSERT INTO "HelpParagraphs" ("helpParagraphId", "helpPageId", "paragraphParentId", "actionName", title, "createdOn", "createdBy", "changedOn", "changedBy", "settingName") VALUES (19, 6, NULL, NULL, 'Go to another page', NULL, NULL, NULL, NULL, NULL);
INSERT INTO "HelpParagraphs" ("helpParagraphId", "helpPageId", "paragraphParentId", "actionName", title, "createdOn", "createdBy", "changedOn", "changedBy", "settingName") VALUES (18, 6, 13, NULL, 'Reset the view', NULL, NULL, NULL, NULL, NULL);
INSERT INTO "HelpParagraphs" ("helpParagraphId", "helpPageId", "paragraphParentId", "actionName", title, "createdOn", "createdBy", "changedOn", "changedBy", "settingName") VALUES (27, 6, NULL, NULL, 'Link to a page, book or binding', NULL, NULL, NULL, NULL, NULL);
INSERT INTO "HelpParagraphs" ("helpParagraphId", "helpPageId", "paragraphParentId", "actionName", title, "createdOn", "createdBy", "changedOn", "changedBy", "settingName") VALUES (28, 7, NULL, NULL, 'Introduction', NULL, NULL, NULL, NULL, NULL);
INSERT INTO "HelpParagraphs" ("helpParagraphId", "helpPageId", "paragraphParentId", "actionName", title, "createdOn", "createdBy", "changedOn", "changedBy", "settingName") VALUES (29, 7, NULL, NULL, 'Buttons', NULL, NULL, NULL, NULL, NULL);
INSERT INTO "HelpParagraphs" ("helpParagraphId", "helpPageId", "paragraphParentId", "actionName", title, "createdOn", "createdBy", "changedOn", "changedBy", "settingName") VALUES (30, 7, NULL, NULL, 'Login / logout', NULL, NULL, NULL, NULL, NULL);
INSERT INTO "HelpParagraphs" ("helpParagraphId", "helpPageId", "paragraphParentId", "actionName", title, "createdOn", "createdBy", "changedOn", "changedBy", "settingName") VALUES (31, 7, NULL, 'change-global-settings', 'Admin help page', NULL, NULL, NULL, NULL, NULL);
INSERT INTO "HelpParagraphs" ("helpParagraphId", "helpPageId", "paragraphParentId", "actionName", title, "createdOn", "createdBy", "changedOn", "changedBy", "settingName") VALUES (5, 3, NULL, NULL, 'Introduction', NULL, NULL, NULL, NULL, NULL);
INSERT INTO "HelpParagraphs" ("helpParagraphId", "helpPageId", "paragraphParentId", "actionName", title, "createdOn", "createdBy", "changedOn", "changedBy", "settingName") VALUES (14, 6, 13, NULL, 'Zoom in', NULL, NULL, NULL, NULL, NULL);
INSERT INTO "HelpParagraphs" ("helpParagraphId", "helpPageId", "paragraphParentId", "actionName", title, "createdOn", "createdBy", "changedOn", "changedBy", "settingName") VALUES (15, 6, 13, NULL, 'Zoom out', NULL, NULL, NULL, NULL, NULL);
INSERT INTO "HelpParagraphs" ("helpParagraphId", "helpPageId", "paragraphParentId", "actionName", title, "createdOn", "createdBy", "changedOn", "changedBy", "settingName") VALUES (16, 6, 13, NULL, 'Move across page', NULL, NULL, NULL, NULL, NULL);
INSERT INTO "HelpParagraphs" ("helpParagraphId", "helpPageId", "paragraphParentId", "actionName", title, "createdOn", "createdBy", "changedOn", "changedBy", "settingName") VALUES (17, 6, 13, NULL, 'Rotate', NULL, NULL, NULL, NULL, NULL);
INSERT INTO "HelpParagraphs" ("helpParagraphId", "helpPageId", "paragraphParentId", "actionName", title, "createdOn", "createdBy", "changedOn", "changedBy", "settingName") VALUES (20, 6, 19, NULL, 'Previous page', NULL, NULL, NULL, NULL, NULL);
INSERT INTO "HelpParagraphs" ("helpParagraphId", "helpPageId", "paragraphParentId", "actionName", title, "createdOn", "createdBy", "changedOn", "changedBy", "settingName") VALUES (21, 6, 19, NULL, 'Next page', NULL, NULL, NULL, NULL, NULL);
INSERT INTO "HelpParagraphs" ("helpParagraphId", "helpPageId", "paragraphParentId", "actionName", title, "createdOn", "createdBy", "changedOn", "changedBy", "settingName") VALUES (22, 6, 19, NULL, 'First page', NULL, NULL, NULL, NULL, NULL);
INSERT INTO "HelpParagraphs" ("helpParagraphId", "helpPageId", "paragraphParentId", "actionName", title, "createdOn", "createdBy", "changedOn", "changedBy", "settingName") VALUES (23, 6, 19, NULL, 'Start of a book', NULL, NULL, NULL, NULL, NULL);
INSERT INTO "HelpParagraphs" ("helpParagraphId", "helpPageId", "paragraphParentId", "actionName", title, "createdOn", "createdBy", "changedOn", "changedBy", "settingName") VALUES (24, 6, 19, NULL, 'Last page', NULL, NULL, NULL, NULL, NULL);
INSERT INTO "HelpParagraphs" ("helpParagraphId", "helpPageId", "paragraphParentId", "actionName", title, "createdOn", "createdBy", "changedOn", "changedBy", "settingName") VALUES (25, 6, 19, NULL, 'Certain page number', NULL, NULL, NULL, NULL, NULL);
INSERT INTO "HelpParagraphs" ("helpParagraphId", "helpPageId", "paragraphParentId", "actionName", title, "createdOn", "createdBy", "changedOn", "changedBy", "settingName") VALUES (26, 6, 19, NULL, 'Select a page', NULL, NULL, NULL, NULL, NULL);
INSERT INTO "HelpParagraphs" ("helpParagraphId", "helpPageId", "paragraphParentId", "actionName", title, "createdOn", "createdBy", "changedOn", "changedBy", "settingName") VALUES (12, 6, NULL, NULL, 'Introduction', NULL, NULL, NULL, NULL, NULL);
INSERT INTO "HelpParagraphs" ("helpParagraphId", "helpPageId", "paragraphParentId", "actionName", title, "createdOn", "createdBy", "changedOn", "changedBy", "settingName") VALUES (32, 8, NULL, 'upload-bindings', 'About uploading', NULL, NULL, NULL, NULL, NULL);
INSERT INTO "HelpParagraphs" ("helpParagraphId", "helpPageId", "paragraphParentId", "actionName", title, "createdOn", "createdBy", "changedOn", "changedBy", "settingName") VALUES (33, 8, NULL, 'upload-bindings', 'Uploading books', NULL, NULL, NULL, NULL, NULL);
INSERT INTO "HelpParagraphs" ("helpParagraphId", "helpPageId", "paragraphParentId", "actionName", title, "createdOn", "createdBy", "changedOn", "changedBy", "settingName") VALUES (34, 8, NULL, 'upload-bindings', 'Binding information', NULL, NULL, NULL, NULL, NULL);
INSERT INTO "HelpParagraphs" ("helpParagraphId", "helpPageId", "paragraphParentId", "actionName", title, "createdOn", "createdBy", "changedOn", "changedBy", "settingName") VALUES (35, 8, NULL, 'upload-bindings', 'Book information', NULL, NULL, NULL, NULL, NULL);
INSERT INTO "HelpParagraphs" ("helpParagraphId", "helpPageId", "paragraphParentId", "actionName", title, "createdOn", "createdBy", "changedOn", "changedBy", "settingName") VALUES (36, 6, NULL, NULL, 'Annotations', NULL, NULL, NULL, NULL, NULL);
INSERT INTO "HelpParagraphs" ("helpParagraphId", "helpPageId", "paragraphParentId", "actionName", title, "createdOn", "createdBy", "changedOn", "changedBy", "settingName") VALUES (37, 6, 36, NULL, 'Read transcriptions of annotations', NULL, NULL, NULL, NULL, NULL);
INSERT INTO "HelpParagraphs" ("helpParagraphId", "helpPageId", "paragraphParentId", "actionName", title, "createdOn", "createdBy", "changedOn", "changedBy", "settingName") VALUES (38, 6, 36, 'edit-annotations', 'Add and Edit transcriptions', NULL, NULL, NULL, NULL, NULL);
INSERT INTO "HelpParagraphs" ("helpParagraphId", "helpPageId", "paragraphParentId", "actionName", title, "createdOn", "createdBy", "changedOn", "changedBy", "settingName") VALUES (39, 6, 36, 'add-annotations', 'Add transcription', NULL, NULL, NULL, NULL, NULL);
INSERT INTO "HelpParagraphs" ("helpParagraphId", "helpPageId", "paragraphParentId", "actionName", title, "createdOn", "createdBy", "changedOn", "changedBy", "settingName") VALUES (40, 6, 36, 'edit-annotations', 'Add and edit text', NULL, NULL, NULL, NULL, NULL);
INSERT INTO "HelpParagraphs" ("helpParagraphId", "helpPageId", "paragraphParentId", "actionName", title, "createdOn", "createdBy", "changedOn", "changedBy", "settingName") VALUES (41, 6, 36, 'edit-annotations', 'Edit polygon', NULL, NULL, NULL, NULL, NULL);
INSERT INTO "HelpParagraphs" ("helpParagraphId", "helpPageId", "paragraphParentId", "actionName", title, "createdOn", "createdBy", "changedOn", "changedBy", "settingName") VALUES (42, 6, 36, 'edit-annotations', 'Delete a transcription', NULL, NULL, NULL, NULL, NULL);


--
-- TOC entry 2229 (class 0 OID 27246)
-- Dependencies: 198
-- Data for Name: Languages; Type: TABLE DATA; Schema: public; Owner: -
--

INSERT INTO "Languages" ("languageId", "languageName", "createdOn", "createdBy", "changedOn", "changedBy") VALUES (1, 'Albanian', NULL, NULL, NULL, NULL);
INSERT INTO "Languages" ("languageId", "languageName", "createdOn", "createdBy", "changedOn", "changedBy") VALUES (2, 'Arabic', NULL, NULL, NULL, NULL);
INSERT INTO "Languages" ("languageId", "languageName", "createdOn", "createdBy", "changedOn", "changedBy") VALUES (3, 'Aramaic', NULL, NULL, NULL, NULL);
INSERT INTO "Languages" ("languageId", "languageName", "createdOn", "createdBy", "changedOn", "changedBy") VALUES (4, 'Belarusian', NULL, NULL, NULL, NULL);
INSERT INTO "Languages" ("languageId", "languageName", "createdOn", "createdBy", "changedOn", "changedBy") VALUES (5, 'Bulgarian', NULL, NULL, NULL, NULL);
INSERT INTO "Languages" ("languageId", "languageName", "createdOn", "createdBy", "changedOn", "changedBy") VALUES (6, 'Celtic', NULL, NULL, NULL, NULL);
INSERT INTO "Languages" ("languageId", "languageName", "createdOn", "createdBy", "changedOn", "changedBy") VALUES (7, 'Chinese', NULL, NULL, NULL, NULL);
INSERT INTO "Languages" ("languageId", "languageName", "createdOn", "createdBy", "changedOn", "changedBy") VALUES (8, 'Croatian', NULL, NULL, NULL, NULL);
INSERT INTO "Languages" ("languageId", "languageName", "createdOn", "createdBy", "changedOn", "changedBy") VALUES (9, 'Czech', NULL, NULL, NULL, NULL);
INSERT INTO "Languages" ("languageId", "languageName", "createdOn", "createdBy", "changedOn", "changedBy") VALUES (10, 'Danish', NULL, NULL, NULL, NULL);
INSERT INTO "Languages" ("languageId", "languageName", "createdOn", "createdBy", "changedOn", "changedBy") VALUES (11, 'Dutch', NULL, NULL, NULL, NULL);
INSERT INTO "Languages" ("languageId", "languageName", "createdOn", "createdBy", "changedOn", "changedBy") VALUES (12, 'English', NULL, NULL, NULL, NULL);
INSERT INTO "Languages" ("languageId", "languageName", "createdOn", "createdBy", "changedOn", "changedBy") VALUES (13, 'Estonian', NULL, NULL, NULL, NULL);
INSERT INTO "Languages" ("languageId", "languageName", "createdOn", "createdBy", "changedOn", "changedBy") VALUES (14, 'Finnish', NULL, NULL, NULL, NULL);
INSERT INTO "Languages" ("languageId", "languageName", "createdOn", "createdBy", "changedOn", "changedBy") VALUES (15, 'French', NULL, NULL, NULL, NULL);
INSERT INTO "Languages" ("languageId", "languageName", "createdOn", "createdBy", "changedOn", "changedBy") VALUES (16, 'German', NULL, NULL, NULL, NULL);
INSERT INTO "Languages" ("languageId", "languageName", "createdOn", "createdBy", "changedOn", "changedBy") VALUES (17, 'Greek', NULL, NULL, NULL, NULL);
INSERT INTO "Languages" ("languageId", "languageName", "createdOn", "createdBy", "changedOn", "changedBy") VALUES (18, 'Hebrew', NULL, NULL, NULL, NULL);
INSERT INTO "Languages" ("languageId", "languageName", "createdOn", "createdBy", "changedOn", "changedBy") VALUES (19, 'Hungarian', NULL, NULL, NULL, NULL);
INSERT INTO "Languages" ("languageId", "languageName", "createdOn", "createdBy", "changedOn", "changedBy") VALUES (20, 'Icelandic', NULL, NULL, NULL, NULL);
INSERT INTO "Languages" ("languageId", "languageName", "createdOn", "createdBy", "changedOn", "changedBy") VALUES (21, 'Irish', NULL, NULL, NULL, NULL);
INSERT INTO "Languages" ("languageId", "languageName", "createdOn", "createdBy", "changedOn", "changedBy") VALUES (22, 'Italian', NULL, NULL, NULL, NULL);
INSERT INTO "Languages" ("languageId", "languageName", "createdOn", "createdBy", "changedOn", "changedBy") VALUES (23, 'Japanese', NULL, NULL, NULL, NULL);
INSERT INTO "Languages" ("languageId", "languageName", "createdOn", "createdBy", "changedOn", "changedBy") VALUES (24, 'Latvian', NULL, NULL, NULL, NULL);
INSERT INTO "Languages" ("languageId", "languageName", "createdOn", "createdBy", "changedOn", "changedBy") VALUES (25, 'Lithuanian', NULL, NULL, NULL, NULL);
INSERT INTO "Languages" ("languageId", "languageName", "createdOn", "createdBy", "changedOn", "changedBy") VALUES (26, 'Macedonian', NULL, NULL, NULL, NULL);
INSERT INTO "Languages" ("languageId", "languageName", "createdOn", "createdBy", "changedOn", "changedBy") VALUES (27, 'Maltese', NULL, NULL, NULL, NULL);
INSERT INTO "Languages" ("languageId", "languageName", "createdOn", "createdBy", "changedOn", "changedBy") VALUES (28, 'Norwegian', NULL, NULL, NULL, NULL);
INSERT INTO "Languages" ("languageId", "languageName", "createdOn", "createdBy", "changedOn", "changedBy") VALUES (29, 'Persian', NULL, NULL, NULL, NULL);
INSERT INTO "Languages" ("languageId", "languageName", "createdOn", "createdBy", "changedOn", "changedBy") VALUES (30, 'Polish', NULL, NULL, NULL, NULL);
INSERT INTO "Languages" ("languageId", "languageName", "createdOn", "createdBy", "changedOn", "changedBy") VALUES (31, 'Portuguese', NULL, NULL, NULL, NULL);
INSERT INTO "Languages" ("languageId", "languageName", "createdOn", "createdBy", "changedOn", "changedBy") VALUES (32, 'Romanian', NULL, NULL, NULL, NULL);
INSERT INTO "Languages" ("languageId", "languageName", "createdOn", "createdBy", "changedOn", "changedBy") VALUES (33, 'Russian', NULL, NULL, NULL, NULL);
INSERT INTO "Languages" ("languageId", "languageName", "createdOn", "createdBy", "changedOn", "changedBy") VALUES (34, 'Sanskrit', NULL, NULL, NULL, NULL);
INSERT INTO "Languages" ("languageId", "languageName", "createdOn", "createdBy", "changedOn", "changedBy") VALUES (35, 'Serbian', NULL, NULL, NULL, NULL);
INSERT INTO "Languages" ("languageId", "languageName", "createdOn", "createdBy", "changedOn", "changedBy") VALUES (36, 'Slovak', NULL, NULL, NULL, NULL);
INSERT INTO "Languages" ("languageId", "languageName", "createdOn", "createdBy", "changedOn", "changedBy") VALUES (37, 'Slovenian', NULL, NULL, NULL, NULL);
INSERT INTO "Languages" ("languageId", "languageName", "createdOn", "createdBy", "changedOn", "changedBy") VALUES (38, 'Spanish', NULL, NULL, NULL, NULL);
INSERT INTO "Languages" ("languageId", "languageName", "createdOn", "createdBy", "changedOn", "changedBy") VALUES (39, 'Syriac', NULL, NULL, NULL, NULL);
INSERT INTO "Languages" ("languageId", "languageName", "createdOn", "createdBy", "changedOn", "changedBy") VALUES (40, 'Turkish', NULL, NULL, NULL, NULL);
INSERT INTO "Languages" ("languageId", "languageName", "createdOn", "createdBy", "changedOn", "changedBy") VALUES (41, 'Urkainian', NULL, NULL, NULL, NULL);


--
-- TOC entry 2217 (class 0 OID 26969)
-- Dependencies: 167
-- Data for Name: Libraries; Type: TABLE DATA; Schema: public; Owner: -
--



--
-- TOC entry 2233 (class 0 OID 27317)
-- Dependencies: 203
-- Data for Name: Notes; Type: TABLE DATA; Schema: public; Owner: -
--



--
-- TOC entry 2215 (class 0 OID 26921)
-- Dependencies: 164
-- Data for Name: PendingUsers; Type: TABLE DATA; Schema: public; Owner: -
--



--
-- TOC entry 2216 (class 0 OID 26961)
-- Dependencies: 165
-- Data for Name: Permissions; Type: TABLE DATA; Schema: public; Owner: -
--

INSERT INTO "Permissions" ("actionName", "minRank", "createdOn", "createdBy", "changedOn", "changedBy") VALUES ('view-pages', 0, NULL, NULL, NULL, NULL);
INSERT INTO "Permissions" ("actionName", "minRank", "createdOn", "createdBy", "changedOn", "changedBy") VALUES ('search-books', 0, NULL, NULL, NULL, NULL);
INSERT INTO "Permissions" ("actionName", "minRank", "createdOn", "createdBy", "changedOn", "changedBy") VALUES ('add-annotations', 10, NULL, NULL, NULL, NULL);
INSERT INTO "Permissions" ("actionName", "minRank", "createdOn", "createdBy", "changedOn", "changedBy") VALUES ('edit-annotations', 10, NULL, NULL, NULL, NULL);
INSERT INTO "Permissions" ("actionName", "minRank", "createdOn", "createdBy", "changedOn", "changedBy") VALUES ('upload-bindings', 10, NULL, NULL, NULL, NULL);
INSERT INTO "Permissions" ("actionName", "minRank", "createdOn", "createdBy", "changedOn", "changedBy") VALUES ('manage-bookshelf', 10, NULL, NULL, NULL, NULL);
INSERT INTO "Permissions" ("actionName", "minRank", "createdOn", "createdBy", "changedOn", "changedBy") VALUES ('manage-notebook', 10, NULL, NULL, NULL, NULL);
INSERT INTO "Permissions" ("actionName", "minRank", "createdOn", "createdBy", "changedOn", "changedBy") VALUES ('export-books', 10, NULL, NULL, NULL, NULL);
INSERT INTO "Permissions" ("actionName", "minRank", "createdOn", "createdBy", "changedOn", "changedBy") VALUES ('view-history', 40, NULL, NULL, NULL, NULL);
INSERT INTO "Permissions" ("actionName", "minRank", "createdOn", "createdBy", "changedOn", "changedBy") VALUES ('revert-changes', 40, NULL, NULL, NULL, NULL);
INSERT INTO "Permissions" ("actionName", "minRank", "createdOn", "createdBy", "changedOn", "changedBy") VALUES ('change-book-info', 40, NULL, NULL, NULL, NULL);
INSERT INTO "Permissions" ("actionName", "minRank", "createdOn", "createdBy", "changedOn", "changedBy") VALUES ('accept-registrations', 50, NULL, NULL, NULL, NULL);
INSERT INTO "Permissions" ("actionName", "minRank", "createdOn", "createdBy", "changedOn", "changedBy") VALUES ('ban-users', 50, NULL, NULL, NULL, NULL);
INSERT INTO "Permissions" ("actionName", "minRank", "createdOn", "createdBy", "changedOn", "changedBy") VALUES ('change-user-roles', 50, NULL, NULL, NULL, NULL);
INSERT INTO "Permissions" ("actionName", "minRank", "createdOn", "createdBy", "changedOn", "changedBy") VALUES ('change-global-settings', 50, NULL, NULL, NULL, NULL);
INSERT INTO "Permissions" ("actionName", "minRank", "createdOn", "createdBy", "changedOn", "changedBy") VALUES ('delete-users', 50, NULL, NULL, NULL, NULL);
INSERT INTO "Permissions" ("actionName", "minRank", "createdOn", "createdBy", "changedOn", "changedBy") VALUES ('view-users-part', 10, NULL, NULL, NULL, NULL);
INSERT INTO "Permissions" ("actionName", "minRank", "createdOn", "createdBy", "changedOn", "changedBy") VALUES ('view-users-complete', 50, NULL, NULL, NULL, NULL);


--
-- TOC entry 2223 (class 0 OID 27075)
-- Dependencies: 182
-- Data for Name: Persons; Type: TABLE DATA; Schema: public; Owner: -
--



--
-- TOC entry 2225 (class 0 OID 27104)
-- Dependencies: 188
-- Data for Name: Provenances; Type: TABLE DATA; Schema: public; Owner: -
--



--
-- TOC entry 2222 (class 0 OID 27061)
-- Dependencies: 180
-- Data for Name: Scans; Type: TABLE DATA; Schema: public; Owner: -
--



--
-- TOC entry 2227 (class 0 OID 27210)
-- Dependencies: 193
-- Data for Name: Settings; Type: TABLE DATA; Schema: public; Owner: -
--

INSERT INTO "Settings" ("settingName", "settingValue", "createdOn", "createdBy", "changedOn", "changedBy", visible) VALUES ('activation-mail-subject', 'Activation of your account', NULL, NULL, NULL, NULL, B'0');
INSERT INTO "Settings" ("settingName", "settingValue", "createdOn", "createdBy", "changedOn", "changedBy", visible) VALUES ('user-declined-mail-subject', 'Account activation has been declined', NULL, NULL, NULL, NULL, B'0');
INSERT INTO "Settings" ("settingName", "settingValue", "createdOn", "createdBy", "changedOn", "changedBy", visible) VALUES ('deleted-user-id', '1', NULL, NULL, NULL, NULL, B'0');
INSERT INTO "Settings" ("settingName", "settingValue", "createdOn", "createdBy", "changedOn", "changedBy", visible) VALUES ('forgotpass-mail-subject', 'Restoration of your password', NULL, NULL, NULL, NULL, B'0');
INSERT INTO "Settings" ("settingName", "settingValue", "createdOn", "createdBy", "changedOn", "changedBy", visible) VALUES ('mail-from-address', 'no-reply@sp.urandom.nl', NULL, NULL, NULL, NULL, B'0');
INSERT INTO "Settings" ("settingName", "settingValue", "createdOn", "createdBy", "changedOn", "changedBy", visible) VALUES ('activation-mail-message', 'Dear Mr./Ms. [LASTNAME],

Your registration for [PROJECTNAME] has been accepted. Your username is [USERNAME].

Please click on the link below to activate your account:

[LINK]

If clicking this link does not work, try to copy and paste it into the address bar of your browser.


Regards,
The [PROJECTNAME] Team', NULL, NULL, NULL, NULL, B'0');
INSERT INTO "Settings" ("settingName", "settingValue", "createdOn", "createdBy", "changedOn", "changedBy", visible) VALUES ('forgotpass-mail-message', 'Dear Mr./Ms. [LASTNAME],

This e-mail has been send to you because you indicated you had forgotten your password for [PROJECTNAME]. If this is not the case, please ignore this message.


Your username is: [USERNAME]

Please click the following link (which will stop working after succesfully using it) to change your password:

[LINK]

If clicking this link does not work, try to copy and paste it into the address bar of your browser.


Regards,
The [PROJECTNAME] Team', NULL, NULL, NULL, NULL, B'0');
INSERT INTO "Settings" ("settingName", "settingValue", "createdOn", "createdBy", "changedOn", "changedBy", visible) VALUES ('user-declined-mail-message', 'Dear Mr./Ms. [LASTNAME],

Unfortunately your registration for [PROJECTNAME] has been declined. For more information, please contact the webmaster.

Regards,
The [PROJECTNAME] Team', NULL, NULL, NULL, NULL, B'0');
INSERT INTO "Settings" ("settingName", "settingValue", "createdOn", "createdBy", "changedOn", "changedBy", visible) VALUES ('auto-user-acceptance', '1', NULL, NULL, NULL, NULL, B'1');
INSERT INTO "Settings" ("settingName", "settingValue", "createdOn", "createdBy", "changedOn", "changedBy", visible) VALUES ('project-title', 'Annotated Books Online', NULL, NULL, NULL, NULL, B'1');
INSERT INTO "Settings" ("settingName", "settingValue", "createdOn", "createdBy", "changedOn", "changedBy", visible) VALUES ('welcome-page', '<h2>Welcome</h2>

<p>Historical readers left many traces in the books they owned. Names, notes, marks, and underlining provide unique evidence of how generations of readers used their books. Annotated Books Online gives full access to these unique copies. Focusing on the first three centuries of print, it enables scholars and students interested in the history of reading to collect, view and study reading practices. User tools include extensive search, viewing and annotating options.</p>

<a href="http://www.uu.nl/en" target="_blank" title="Go to the website of Utrecht University"><img src="frontend/resources/images/uu.png" style="height: 65px"/></a>
<a href="http://www.english.uva.nl/" target="_blank" title="Go to the website of University of Amsterdam"><img src="frontend/resources/images/uva.png" style="height: 60px"/></a>
<a href="http://www.princeton.edu/" target="_blank" title="Go to the website of Princeton University"><img src="frontend/resources/images/princeton.png" style="height: 65px"/></a>
<a href="http://www.ugent.be/en" target="_blank" title="Go to the website of Ghent University"><img src="frontend/resources/images/ugent.png" style="height: 100px"/></a>
<a href="http://www.livesandletters.ac.uk/" target="_blank" title="Go to the website of CELL"><img src="frontend/resources/images/cell.png" style="height: 100px"/></a>', NULL, NULL, NULL, NULL, B'1');
INSERT INTO "Settings" ("settingName", "settingValue", "createdOn", "createdBy", "changedOn", "changedBy", visible) VALUES ('terms-of-use', '<h2>Terms of Use</h2>

<p>Lorem ipsum dolor sit amet, consectetur adipisicing elit, sed do eiusmod tempor incididunt ut labore et dolore magna aliqua. Ut enim ad minim veniam, quis nostrud exercitation ullamco laboris nisi ut aliquip ex ea commodo consequat. Duis aute irure dolor in reprehenderit in voluptate velit esse cillum dolore eu fugiat nulla pariatur. Excepteur sint occaecat cupidatat non proident, sunt in culpa qui officia deserunt mollit anim id est laborum.</p>

<p>Sed ut perspiciatis unde omnis iste natus error sit voluptatem accusantium doloremque laudantium, totam rem aperiam, eaque ipsa quae ab illo inventore veritatis et quasi architecto beatae vitae dicta sunt explicabo. Nemo enim ipsam voluptatem quia voluptas sit aspernatur aut odit aut fugit, sed quia consequuntur magni dolores eos qui ratione voluptatem sequi nesciunt. Neque porro quisquam est, qui dolorem ipsum quia dolor sit amet, consectetur, adipisci velit, sed quia non numquam eius modi tempora incidunt ut labore et dolore magnam aliquam quaerat voluptatem. Ut enim ad minima veniam, quis nostrum exercitationem ullam corporis suscipit laboriosam, nisi ut aliquid ex ea commodi consequatur? Quis autem vel eum iure reprehenderit qui in ea voluptate velit esse quam nihil molestiae consequatur, vel illum qui dolorem eum fugiat quo voluptas nulla pariatur?</p>

<p>At vero eos et accusamus et iusto odio dignissimos ducimus qui blanditiis praesentium voluptatum deleniti atque corrupti quos dolores et quas molestias excepturi sint occaecati cupiditate non provident, similique sunt in culpa qui officia deserunt mollitia animi, id est laborum et dolorum fuga. Et harum quidem rerum facilis est et expedita distinctio. Nam libero tempore, cum soluta nobis est eligendi optio cumque nihil impedit quo minus id quod maxime placeat facere possimus, omnis voluptas assumenda est, omnis dolor repellendus. Temporibus autem quibusdam et aut officiis debitis aut rerum necessitatibus saepe eveniet ut et voluptates repudiandae sint et molestiae non recusandae. Itaque earum rerum hic tenetur a sapiente delectus, ut aut reiciendis voluptatibus maiores alias consequatur aut perferendis doloribus asperiores repellat.</p>', NULL, NULL, NULL, NULL, B'1');
INSERT INTO "Settings" ("settingName", "settingValue", "createdOn", "createdBy", "changedOn", "changedBy", visible) VALUES ('upload-instructions', '<h2>About this collaboratory</h2>

<p>Lorem ipsum dolor sit amet, consectetur adipisicing elit, sed do eiusmod tempor incididunt ut labore et dolore magna aliqua. Ut enim ad minim veniam, quis nostrud exercitation ullamco laboris nisi ut aliquip ex ea commodo consequat. Duis aute irure dolor in reprehenderit in voluptate velit esse cillum dolore eu fugiat nulla pariatur. Excepteur sint occaecat cupidatat non proident, sunt in culpa qui officia deserunt mollit anim id est laborum.</p>

<p>Sed ut perspiciatis unde omnis iste natus error sit voluptatem accusantium doloremque laudantium, totam rem aperiam, eaque ipsa quae ab illo inventore veritatis et quasi architecto beatae vitae dicta sunt explicabo. Nemo enim ipsam voluptatem quia voluptas sit aspernatur aut odit aut fugit, sed quia consequuntur magni dolores eos qui ratione voluptatem sequi nesciunt. Neque porro quisquam est, qui dolorem ipsum quia dolor sit amet, consectetur, adipisci velit, sed quia non numquam eius modi tempora incidunt ut labore et dolore magnam aliquam quaerat voluptatem. Ut enim ad minima veniam, quis nostrum exercitationem ullam corporis suscipit laboriosam, nisi ut aliquid ex ea commodi consequatur? Quis autem vel eum iure reprehenderit qui in ea voluptate velit esse quam nihil molestiae consequatur, vel illum qui dolorem eum fugiat quo voluptas nulla pariatur?</p>

<p>At vero eos et accusamus et iusto odio dignissimos ducimus qui blanditiis praesentium voluptatum deleniti atque corrupti quos dolores et quas molestias excepturi sint occaecati cupiditate non provident, similique sunt in culpa qui officia deserunt mollitia animi, id est laborum et dolorum fuga. Et harum quidem rerum facilis est et expedita distinctio. Nam libero tempore, cum soluta nobis est eligendi optio cumque nihil impedit quo minus id quod maxime placeat facere possimus, omnis voluptas assumenda est, omnis dolor repellendus. Temporibus autem quibusdam et aut officiis debitis aut rerum necessitatibus saepe eveniet ut et voluptates repudiandae sint et molestiae non recusandae. Itaque earum rerum hic tenetur a sapiente delectus, ut aut reiciendis voluptatibus maiores alias consequatur aut perferendis doloribus asperiores repellat.</p>', NULL, NULL, NULL, NULL, B'1');
INSERT INTO "Settings" ("settingName", "settingValue", "createdOn", "createdBy", "changedOn", "changedBy", visible) VALUES ('info-page', '<h2>About the project</h2>

<p>Annotated Books Online is a virtual research environment for scholars and students interested in historical reading practices. It is part of the research project "A Collaboratory for the Study of Reading and the Circulation of Ideas in Early Modern Europe" funded by the Dutch National Research Council (NWO). Generous additional funding was provided by Professor Anthony Grafton for the edition of Gabriel Harvey''s annotations to Livy (Mellon Foundation).</p>

<p>
<h3>Partners</h3> 
<ul>
<li>Paul Dijstelberge (University of Amsterdam)</li>
<li>Anthony Grafton (Princeton University)</li>
<li>Lisa Jardine (Centre for Editing Lives and Letters, Queen Mary, London)</li>
<li>Jrgen Pieters (Ghent University)</li>
<li>Els Stronks (Utrecht University)</li>
<li>Matthew Symonds (Centre for Editing Lives and Letters, Queen Mary, London)</li>
<li>Garrelt Verhoeven (University of Amsterdam)</li>
<li>Arnoud Visser (Utrecht University)</li>
</ul> 
</p>

<p>
<h3>Board of Advisors</h3> 
<ul>
<li>Professor Roger Chartier (Collge de France, Paris and Department of History & University of Pennsylvania)</li>
<li>Dr Cristina Dondi (Oxford & Consortium of European Research Libraries)</li>
<li>Professor Paul Hoftijzer (University of Leiden, Department of Book and Digital Media Studies)</li>
<li>Professor Howard Hotson (St Annes College, Oxford & Cultures of Knowledge Project)</li>
<li>Professor Lisa Kuitert (University of Amsterdam, Department of Book History)</li>
<li>Professor Jerome McGann (University of Virginia, Department of English)</li>
<li>Dr David Pearson (Director of Libraries, Archives and Guildhall Art Gallery London)</li>
<li>Professor Andrew Pettegree (University of St Andrews, Director Universal Short Title Catalogue)</li>
<li>Professor William Sherman (University of York, Department of English)</li>
<li>Professor Jacob Soll (Rutgers University, Department of History)</li>
<li>Professor Bob Owens (Open University, Director of Reading Experience Database)</li>
<li>Dr Henk Wals (The Hague, Huygens Institute for the History of the Netherlands, KNAW)</li>
</ul> 
</p>

<h3>Background</h3> 

<p>Proceeding from the idea that reading constitutes a crucial form of intellectual exchange, the collaborators will collect and enhance evidence of how readers used their books to build knowledge and assimilate ideas. This is especially pertinent since the early modern period, just like the twenty-first century, saw the revolutionary rise of a new medium of communication, which helped shape cultural formation and intellectual freedom.</p>

<p>Although widely recognized as a promising approach with important theoretical implications, currently the study of reading practices still largely depends on individual researchers, whose work is seriously hampered by the limited access to an inherently fragmented body of material. The proposed collaboratory will connect scholarly expertise and provide added value to digital sources through user-generated content (e.g. explanatory material or fuller scholarly syntheses) in an electronic environment specifically designed for research and teaching purposes. It will offer, in short, an academic Wikipedia for the history of reading and the circulation of ideas.</p>

<p>The project will create a transnational platform that enables scholars to (1) view, connect and study annotated books and readers'' notes, (2) offer training to students and young researchers in handling readers'' traces, and (3) make results freely accessible for teaching purposes, as well as for broader general interest by means of exhibitions, digital presentations and general publications. In order to expand this structural network, the principal partners in the collaboratory will prepare an application for a Marie Curie Initial Training Network.</p>

<p>For more information, contact Arnoud Visser, <a href="mailto:a.s.q.visser@uu.nl">a.s.q.visser@uu.nl</a> </p>', NULL, NULL, NULL, NULL, B'1');


--
-- TOC entry 2231 (class 0 OID 27276)
-- Dependencies: 201
-- Data for Name: ShelvedBooks; Type: TABLE DATA; Schema: public; Owner: -
--



--
-- TOC entry 2230 (class 0 OID 27264)
-- Dependencies: 200
-- Data for Name: Shelves; Type: TABLE DATA; Schema: public; Owner: -
--



--
-- TOC entry 2221 (class 0 OID 27036)
-- Dependencies: 178
-- Data for Name: TEIFiles; Type: TABLE DATA; Schema: public; Owner: -
--



--
-- TOC entry 2228 (class 0 OID 27225)
-- Dependencies: 196
-- Data for Name: Uploads; Type: TABLE DATA; Schema: public; Owner: -
--



--
-- TOC entry 2214 (class 0 OID 26908)
-- Dependencies: 162
-- Data for Name: Users; Type: TABLE DATA; Schema: public; Owner: -
--

INSERT INTO "Users" ("userId", username, "passwordHash", email, "firstName", "lastName", affiliation, occupation, website, "homeAddress", banned, rank, "createdOn", "createdBy", "changedOn", "changedBy", "passwordRestoreToken", "activationStage", "registrationDate", "lastActive") VALUES (1, '<deleted user>', '', '', NULL, NULL, NULL, NULL, NULL, NULL, B'1', 0, NULL, NULL, NULL, NULL, NULL, 3, '2012-02-07', '2012-02-07 21:57:19.525202');


--
-- TOC entry 2134 (class 2606 OID 27186)
-- Dependencies: 191 191
-- Name: Annotations_pkey; Type: CONSTRAINT; Schema: public; Owner: -
--

ALTER TABLE ONLY "Annotations"
    ADD CONSTRAINT "Annotations_pkey" PRIMARY KEY ("annotationId");


--
-- TOC entry 2130 (class 2606 OID 27122)
-- Dependencies: 185 185 185
-- Name: Authors_pkey; Type: CONSTRAINT; Schema: public; Owner: -
--

ALTER TABLE ONLY "Authors"
    ADD CONSTRAINT "Authors_pkey" PRIMARY KEY ("personId", "bookId");


--
-- TOC entry 2154 (class 2606 OID 27395)
-- Dependencies: 204 204 204
-- Name: BindingLanguages_pkey; Type: CONSTRAINT; Schema: public; Owner: -
--

ALTER TABLE ONLY "BindingLanguages"
    ADD CONSTRAINT "BindingLanguages_pkey" PRIMARY KEY ("bindingId", "languageId");


--
-- TOC entry 2112 (class 2606 OID 26993)
-- Dependencies: 170 170
-- Name: Bindings_pkey; Type: CONSTRAINT; Schema: public; Owner: -
--

ALTER TABLE ONLY "Bindings"
    ADD CONSTRAINT "Bindings_pkey" PRIMARY KEY ("bindingId");


--
-- TOC entry 2114 (class 2606 OID 27407)
-- Dependencies: 170 170 170
-- Name: Bindings_signature_libraryId_key; Type: CONSTRAINT; Schema: public; Owner: -
--

ALTER TABLE ONLY "Bindings"
    ADD CONSTRAINT "Bindings_signature_libraryId_key" UNIQUE (signature, "libraryId");


--
-- TOC entry 2116 (class 2606 OID 27390)
-- Dependencies: 171 171 171
-- Name: BookLanguages_pkey; Type: CONSTRAINT; Schema: public; Owner: -
--

ALTER TABLE ONLY "BookLanguages"
    ADD CONSTRAINT "BookLanguages_pkey" PRIMARY KEY ("bookId", "languageId");


--
-- TOC entry 2150 (class 2606 OID 27295)
-- Dependencies: 202 202 202
-- Name: Bookmarks_pkey; Type: CONSTRAINT; Schema: public; Owner: -
--

ALTER TABLE ONLY "Bookmarks"
    ADD CONSTRAINT "Bookmarks_pkey" PRIMARY KEY ("userId", "scanId");


--
-- TOC entry 2119 (class 2606 OID 27024)
-- Dependencies: 174 174
-- Name: Books_pkey; Type: CONSTRAINT; Schema: public; Owner: -
--

ALTER TABLE ONLY "Books"
    ADD CONSTRAINT "Books_pkey" PRIMARY KEY ("bookId");


--
-- TOC entry 2164 (class 2606 OID 27570)
-- Dependencies: 210 210 210
-- Name: HelpContents_helpParagraphId_settingValue_key; Type: CONSTRAINT; Schema: public; Owner: -
--

ALTER TABLE ONLY "HelpContents"
    ADD CONSTRAINT "HelpContents_helpParagraphId_settingValue_key" UNIQUE ("helpParagraphId", "settingValue");


--
-- TOC entry 2166 (class 2606 OID 27568)
-- Dependencies: 210 210
-- Name: HelpContents_pkey; Type: CONSTRAINT; Schema: public; Owner: -
--

ALTER TABLE ONLY "HelpContents"
    ADD CONSTRAINT "HelpContents_pkey" PRIMARY KEY ("helpContentId");


--
-- TOC entry 2156 (class 2606 OID 27420)
-- Dependencies: 206 206
-- Name: HelpPages_pageName_key; Type: CONSTRAINT; Schema: public; Owner: -
--

ALTER TABLE ONLY "HelpPages"
    ADD CONSTRAINT "HelpPages_pageName_key" UNIQUE ("pageName");


--
-- TOC entry 2158 (class 2606 OID 27418)
-- Dependencies: 206 206
-- Name: HelpPages_pkey; Type: CONSTRAINT; Schema: public; Owner: -
--

ALTER TABLE ONLY "HelpPages"
    ADD CONSTRAINT "HelpPages_pkey" PRIMARY KEY ("helpPageId");


--
-- TOC entry 2160 (class 2606 OID 27549)
-- Dependencies: 208 208 208 208
-- Name: HelpParagraphs_helpPageId_paragraphParentId_title_key; Type: CONSTRAINT; Schema: public; Owner: -
--

ALTER TABLE ONLY "HelpParagraphs"
    ADD CONSTRAINT "HelpParagraphs_helpPageId_paragraphParentId_title_key" UNIQUE ("helpPageId", "paragraphParentId", title);


--
-- TOC entry 2162 (class 2606 OID 27493)
-- Dependencies: 208 208
-- Name: HelpParagraphs_pkey; Type: CONSTRAINT; Schema: public; Owner: -
--

ALTER TABLE ONLY "HelpParagraphs"
    ADD CONSTRAINT "HelpParagraphs_pkey" PRIMARY KEY ("helpParagraphId");


--
-- TOC entry 2142 (class 2606 OID 27253)
-- Dependencies: 198 198
-- Name: Languages_languageName_key; Type: CONSTRAINT; Schema: public; Owner: -
--

ALTER TABLE ONLY "Languages"
    ADD CONSTRAINT "Languages_languageName_key" UNIQUE ("languageName");


--
-- TOC entry 2144 (class 2606 OID 27251)
-- Dependencies: 198 198
-- Name: Languages_pkey; Type: CONSTRAINT; Schema: public; Owner: -
--

ALTER TABLE ONLY "Languages"
    ADD CONSTRAINT "Languages_pkey" PRIMARY KEY ("languageId");


--
-- TOC entry 2108 (class 2606 OID 26979)
-- Dependencies: 167 167
-- Name: Libraries_libraryName_key; Type: CONSTRAINT; Schema: public; Owner: -
--

ALTER TABLE ONLY "Libraries"
    ADD CONSTRAINT "Libraries_libraryName_key" UNIQUE ("libraryName");


--
-- TOC entry 2110 (class 2606 OID 26977)
-- Dependencies: 167 167
-- Name: Libraries_pkey; Type: CONSTRAINT; Schema: public; Owner: -
--

ALTER TABLE ONLY "Libraries"
    ADD CONSTRAINT "Libraries_pkey" PRIMARY KEY ("libraryId");


--
-- TOC entry 2152 (class 2606 OID 27324)
-- Dependencies: 203 203
-- Name: Notes_pkey; Type: CONSTRAINT; Schema: public; Owner: -
--

ALTER TABLE ONLY "Notes"
    ADD CONSTRAINT "Notes_pkey" PRIMARY KEY ("userId");


--
-- TOC entry 2100 (class 2606 OID 27193)
-- Dependencies: 164 164
-- Name: PendingUsers_confirmationCode_key; Type: CONSTRAINT; Schema: public; Owner: -
--

ALTER TABLE ONLY "PendingUsers"
    ADD CONSTRAINT "PendingUsers_confirmationCode_key" UNIQUE ("confirmationCode");


--
-- TOC entry 2102 (class 2606 OID 27207)
-- Dependencies: 164 164
-- Name: PendingUsers_pkey; Type: CONSTRAINT; Schema: public; Owner: -
--

ALTER TABLE ONLY "PendingUsers"
    ADD CONSTRAINT "PendingUsers_pkey" PRIMARY KEY ("pendingUserId");


--
-- TOC entry 2104 (class 2606 OID 27209)
-- Dependencies: 164 164
-- Name: PendingUsers_userId_key; Type: CONSTRAINT; Schema: public; Owner: -
--

ALTER TABLE ONLY "PendingUsers"
    ADD CONSTRAINT "PendingUsers_userId_key" UNIQUE ("userId");


--
-- TOC entry 2106 (class 2606 OID 27338)
-- Dependencies: 165 165
-- Name: Permissions_pkey; Type: CONSTRAINT; Schema: public; Owner: -
--

ALTER TABLE ONLY "Permissions"
    ADD CONSTRAINT "Permissions_pkey" PRIMARY KEY ("actionName");


--
-- TOC entry 2128 (class 2606 OID 27080)
-- Dependencies: 182 182
-- Name: Persons_pkey; Type: CONSTRAINT; Schema: public; Owner: -
--

ALTER TABLE ONLY "Persons"
    ADD CONSTRAINT "Persons_pkey" PRIMARY KEY ("personId");


--
-- TOC entry 2132 (class 2606 OID 27110)
-- Dependencies: 188 188 188
-- Name: Provenances_pkey; Type: CONSTRAINT; Schema: public; Owner: -
--

ALTER TABLE ONLY "Provenances"
    ADD CONSTRAINT "Provenances_pkey" PRIMARY KEY ("bindingId", "personId");


--
-- TOC entry 2126 (class 2606 OID 27067)
-- Dependencies: 180 180
-- Name: Scans_pkey; Type: CONSTRAINT; Schema: public; Owner: -
--

ALTER TABLE ONLY "Scans"
    ADD CONSTRAINT "Scans_pkey" PRIMARY KEY ("scanId");


--
-- TOC entry 2136 (class 2606 OID 27217)
-- Dependencies: 193 193
-- Name: Settings_pkey; Type: CONSTRAINT; Schema: public; Owner: -
--

ALTER TABLE ONLY "Settings"
    ADD CONSTRAINT "Settings_pkey" PRIMARY KEY ("settingName");


--
-- TOC entry 2148 (class 2606 OID 27280)
-- Dependencies: 201 201 201
-- Name: ShelvedBooks_pkey; Type: CONSTRAINT; Schema: public; Owner: -
--

ALTER TABLE ONLY "ShelvedBooks"
    ADD CONSTRAINT "ShelvedBooks_pkey" PRIMARY KEY ("bookId", "shelfId");


--
-- TOC entry 2146 (class 2606 OID 27270)
-- Dependencies: 200 200
-- Name: Shelves_pkey; Type: CONSTRAINT; Schema: public; Owner: -
--

ALTER TABLE ONLY "Shelves"
    ADD CONSTRAINT "Shelves_pkey" PRIMARY KEY ("shelfId");


--
-- TOC entry 2121 (class 2606 OID 27155)
-- Dependencies: 178 178 178
-- Name: TEIFiles_bookId_bindingId_key; Type: CONSTRAINT; Schema: public; Owner: -
--

ALTER TABLE ONLY "TEIFiles"
    ADD CONSTRAINT "TEIFiles_bookId_bindingId_key" UNIQUE ("bookId", "bindingId");


--
-- TOC entry 2123 (class 2606 OID 27046)
-- Dependencies: 178 178
-- Name: TEIFiles_pkey; Type: CONSTRAINT; Schema: public; Owner: -
--

ALTER TABLE ONLY "TEIFiles"
    ADD CONSTRAINT "TEIFiles_pkey" PRIMARY KEY ("teiFileId");


--
-- TOC entry 2138 (class 2606 OID 27231)
-- Dependencies: 196 196
-- Name: Uploads_pkey; Type: CONSTRAINT; Schema: public; Owner: -
--

ALTER TABLE ONLY "Uploads"
    ADD CONSTRAINT "Uploads_pkey" PRIMARY KEY ("uploadId");


--
-- TOC entry 2140 (class 2606 OID 27233)
-- Dependencies: 196 196
-- Name: Uploads_token_key; Type: CONSTRAINT; Schema: public; Owner: -
--

ALTER TABLE ONLY "Uploads"
    ADD CONSTRAINT "Uploads_token_key" UNIQUE (token);


--
-- TOC entry 2096 (class 2606 OID 26916)
-- Dependencies: 162 162
-- Name: Users_pkey; Type: CONSTRAINT; Schema: public; Owner: -
--

ALTER TABLE ONLY "Users"
    ADD CONSTRAINT "Users_pkey" PRIMARY KEY ("userId");


--
-- TOC entry 2098 (class 2606 OID 26918)
-- Dependencies: 162 162
-- Name: Users_username_key; Type: CONSTRAINT; Schema: public; Owner: -
--

ALTER TABLE ONLY "Users"
    ADD CONSTRAINT "Users_username_key" UNIQUE (username);


--
-- TOC entry 2117 (class 1259 OID 27468)
-- Dependencies: 174
-- Name: Books_FulltextIndex; Type: INDEX; Schema: public; Owner: -
--

CREATE INDEX "Books_FulltextIndex" ON "Books" USING gin (fulltext_vector);


--
-- TOC entry 2124 (class 1259 OID 27482)
-- Dependencies: 180
-- Name: Scans_FulltextIndex; Type: INDEX; Schema: public; Owner: -
--

CREATE INDEX "Scans_FulltextIndex" ON "Scans" USING gin (fulltext_vector);


--
-- TOC entry 2206 (class 2620 OID 27450)
-- Dependencies: 182 229
-- Name: Authors_Persons_Trigger; Type: TRIGGER; Schema: public; Owner: -
--

CREATE TRIGGER "Authors_Persons_Trigger" AFTER INSERT OR DELETE OR UPDATE ON "Persons" FOR EACH ROW EXECUTE PROCEDURE authors_persons_update();


--
-- TOC entry 2212 (class 2620 OID 27464)
-- Dependencies: 198 239
-- Name: BindingLanguages_Languages_Trigger; Type: TRIGGER; Schema: public; Owner: -
--

CREATE TRIGGER "BindingLanguages_Languages_Trigger" AFTER INSERT OR DELETE OR UPDATE ON "Languages" FOR EACH ROW EXECUTE PROCEDURE bindinglanguages_languages_update();


--
-- TOC entry 2213 (class 2620 OID 27463)
-- Dependencies: 238 204
-- Name: Bindings_BindingLanguages_Trigger; Type: TRIGGER; Schema: public; Owner: -
--

CREATE TRIGGER "Bindings_BindingLanguages_Trigger" AFTER INSERT OR DELETE OR UPDATE ON "BindingLanguages" FOR EACH ROW EXECUTE PROCEDURE bindings_bindinglanguages_update();


--
-- TOC entry 2198 (class 2620 OID 27465)
-- Dependencies: 240 167
-- Name: Bindings_Libraries_Trigger; Type: TRIGGER; Schema: public; Owner: -
--

CREATE TRIGGER "Bindings_Libraries_Trigger" AFTER INSERT OR DELETE OR UPDATE ON "Libraries" FOR EACH ROW EXECUTE PROCEDURE bindings_libraries_update();


--
-- TOC entry 2209 (class 2620 OID 27461)
-- Dependencies: 188 236
-- Name: Bindings_Provenances_Trigger; Type: TRIGGER; Schema: public; Owner: -
--

CREATE TRIGGER "Bindings_Provenances_Trigger" AFTER INSERT OR DELETE OR UPDATE ON "Provenances" FOR EACH ROW EXECUTE PROCEDURE bindings_provenances_update();


--
-- TOC entry 2211 (class 2620 OID 27452)
-- Dependencies: 233 198
-- Name: BookLanguages_Languages_Trigger; Type: TRIGGER; Schema: public; Owner: -
--

CREATE TRIGGER "BookLanguages_Languages_Trigger" AFTER INSERT OR DELETE OR UPDATE ON "Languages" FOR EACH ROW EXECUTE PROCEDURE booklanguages_languages_update();


--
-- TOC entry 2200 (class 2620 OID 27451)
-- Dependencies: 230 171
-- Name: Book_BookLanguages_Trigger; Type: TRIGGER; Schema: public; Owner: -
--

CREATE TRIGGER "Book_BookLanguages_Trigger" AFTER INSERT OR DELETE OR UPDATE ON "BookLanguages" FOR EACH ROW EXECUTE PROCEDURE books_booklanguages_update();


--
-- TOC entry 2208 (class 2620 OID 27449)
-- Dependencies: 185 228
-- Name: Books_Authors_Trigger; Type: TRIGGER; Schema: public; Owner: -
--

CREATE TRIGGER "Books_Authors_Trigger" AFTER INSERT OR DELETE OR UPDATE ON "Authors" FOR EACH ROW EXECUTE PROCEDURE books_authors_update();


--
-- TOC entry 2199 (class 2620 OID 27470)
-- Dependencies: 241 170
-- Name: Books_Bindings_Trigger; Type: TRIGGER; Schema: public; Owner: -
--

CREATE TRIGGER "Books_Bindings_Trigger" AFTER INSERT OR DELETE OR UPDATE ON "Bindings" FOR EACH ROW EXECUTE PROCEDURE books_bindings_update();


--
-- TOC entry 2201 (class 2620 OID 27448)
-- Dependencies: 227 174
-- Name: Books_FulltextTrigger; Type: TRIGGER; Schema: public; Owner: -
--

CREATE TRIGGER "Books_FulltextTrigger" BEFORE INSERT OR UPDATE ON "Books" FOR EACH ROW EXECUTE PROCEDURE books_fulltextupdate();


--
-- TOC entry 2204 (class 2620 OID 27479)
-- Dependencies: 234 180
-- Name: Books_Scans_Trigger; Type: TRIGGER; Schema: public; Owner: -
--

CREATE TRIGGER "Books_Scans_Trigger" AFTER INSERT OR DELETE OR UPDATE ON "Scans" FOR EACH ROW EXECUTE PROCEDURE books_scans_update();


--
-- TOC entry 2207 (class 2620 OID 27462)
-- Dependencies: 182 237
-- Name: Provenances_Persons_Trigger; Type: TRIGGER; Schema: public; Owner: -
--

CREATE TRIGGER "Provenances_Persons_Trigger" AFTER INSERT OR DELETE OR UPDATE ON "Persons" FOR EACH ROW EXECUTE PROCEDURE provenances_persons_update();


--
-- TOC entry 2210 (class 2620 OID 27480)
-- Dependencies: 191 232
-- Name: Scans_Annotations_Trigger; Type: TRIGGER; Schema: public; Owner: -
--

CREATE TRIGGER "Scans_Annotations_Trigger" AFTER INSERT OR DELETE OR UPDATE ON "Annotations" FOR EACH ROW EXECUTE PROCEDURE scans_annotations_update();


--
-- TOC entry 2203 (class 2620 OID 27478)
-- Dependencies: 180 231
-- Name: Scans_FulltextTrigger; Type: TRIGGER; Schema: public; Owner: -
--

CREATE TRIGGER "Scans_FulltextTrigger" BEFORE INSERT OR UPDATE ON "Scans" FOR EACH ROW EXECUTE PROCEDURE scans_fulltextupdate();


--
-- TOC entry 2202 (class 2620 OID 27467)
-- Dependencies: 174
-- Name: ZZ_FulltextVector_Trigger; Type: TRIGGER; Schema: public; Owner: -
--

CREATE TRIGGER "ZZ_FulltextVector_Trigger" BEFORE INSERT OR UPDATE ON "Books" FOR EACH ROW EXECUTE PROCEDURE tsvector_update_trigger('fulltext_vector', 'pg_catalog.english', 'fulltext');


--
-- TOC entry 2205 (class 2620 OID 27481)
-- Dependencies: 180
-- Name: ZZ_FulltextVector_Trigger; Type: TRIGGER; Schema: public; Owner: -
--

CREATE TRIGGER "ZZ_FulltextVector_Trigger" BEFORE INSERT OR UPDATE ON "Scans" FOR EACH ROW EXECUTE PROCEDURE tsvector_update_trigger('fulltext_vector', 'pg_catalog.english', 'fulltext');


--
-- TOC entry 2181 (class 2606 OID 27538)
-- Dependencies: 2095 162 191
-- Name: Annotations_changedUserId_fkey; Type: FK CONSTRAINT; Schema: public; Owner: -
--

ALTER TABLE ONLY "Annotations"
    ADD CONSTRAINT "Annotations_changedUserId_fkey" FOREIGN KEY ("changedUserId") REFERENCES "Users"("userId");


--
-- TOC entry 2182 (class 2606 OID 27543)
-- Dependencies: 162 2095 191
-- Name: Annotations_createdUserId_fkey; Type: FK CONSTRAINT; Schema: public; Owner: -
--

ALTER TABLE ONLY "Annotations"
    ADD CONSTRAINT "Annotations_createdUserId_fkey" FOREIGN KEY ("createdUserId") REFERENCES "Users"("userId");


--
-- TOC entry 2180 (class 2606 OID 27306)
-- Dependencies: 180 191 2125
-- Name: Annotations_scanId_fkey; Type: FK CONSTRAINT; Schema: public; Owner: -
--

ALTER TABLE ONLY "Annotations"
    ADD CONSTRAINT "Annotations_scanId_fkey" FOREIGN KEY ("scanId") REFERENCES "Scans"("scanId");


--
-- TOC entry 2176 (class 2606 OID 27090)
-- Dependencies: 2127 182 185
-- Name: Authors_authorId_fkey; Type: FK CONSTRAINT; Schema: public; Owner: -
--

ALTER TABLE ONLY "Authors"
    ADD CONSTRAINT "Authors_authorId_fkey" FOREIGN KEY ("personId") REFERENCES "Persons"("personId");


--
-- TOC entry 2177 (class 2606 OID 27095)
-- Dependencies: 185 2118 174
-- Name: Authors_bookId_fkey; Type: FK CONSTRAINT; Schema: public; Owner: -
--

ALTER TABLE ONLY "Authors"
    ADD CONSTRAINT "Authors_bookId_fkey" FOREIGN KEY ("bookId") REFERENCES "Books"("bookId");


--
-- TOC entry 2191 (class 2606 OID 27396)
-- Dependencies: 2111 204 170
-- Name: BindingLanguages_bindingId_fkey; Type: FK CONSTRAINT; Schema: public; Owner: -
--

ALTER TABLE ONLY "BindingLanguages"
    ADD CONSTRAINT "BindingLanguages_bindingId_fkey" FOREIGN KEY ("bindingId") REFERENCES "Bindings"("bindingId");


--
-- TOC entry 2192 (class 2606 OID 27401)
-- Dependencies: 2143 204 198
-- Name: BindingLanguages_languageId_fkey; Type: FK CONSTRAINT; Schema: public; Owner: -
--

ALTER TABLE ONLY "BindingLanguages"
    ADD CONSTRAINT "BindingLanguages_languageId_fkey" FOREIGN KEY ("languageId") REFERENCES "Languages"("languageId");


--
-- TOC entry 2168 (class 2606 OID 26996)
-- Dependencies: 2109 167 170
-- Name: Bindings_libraryId_fkey; Type: FK CONSTRAINT; Schema: public; Owner: -
--

ALTER TABLE ONLY "Bindings"
    ADD CONSTRAINT "Bindings_libraryId_fkey" FOREIGN KEY ("libraryId") REFERENCES "Libraries"("libraryId");


--
-- TOC entry 2169 (class 2606 OID 27526)
-- Dependencies: 2095 170 162
-- Name: Bindings_userId_fkey; Type: FK CONSTRAINT; Schema: public; Owner: -
--

ALTER TABLE ONLY "Bindings"
    ADD CONSTRAINT "Bindings_userId_fkey" FOREIGN KEY ("userId") REFERENCES "Users"("userId");


--
-- TOC entry 2170 (class 2606 OID 27257)
-- Dependencies: 171 2143 198
-- Name: BookLanguages_languageId_fkey; Type: FK CONSTRAINT; Schema: public; Owner: -
--

ALTER TABLE ONLY "BookLanguages"
    ADD CONSTRAINT "BookLanguages_languageId_fkey" FOREIGN KEY ("languageId") REFERENCES "Languages"("languageId");


--
-- TOC entry 2188 (class 2606 OID 27301)
-- Dependencies: 180 202 2125
-- Name: Bookmarks_scanId_fkey; Type: FK CONSTRAINT; Schema: public; Owner: -
--

ALTER TABLE ONLY "Bookmarks"
    ADD CONSTRAINT "Bookmarks_scanId_fkey" FOREIGN KEY ("scanId") REFERENCES "Scans"("scanId");


--
-- TOC entry 2189 (class 2606 OID 27364)
-- Dependencies: 162 2095 202
-- Name: Bookmarks_userId_fkey; Type: FK CONSTRAINT; Schema: public; Owner: -
--

ALTER TABLE ONLY "Bookmarks"
    ADD CONSTRAINT "Bookmarks_userId_fkey" FOREIGN KEY ("userId") REFERENCES "Users"("userId") ON DELETE CASCADE;


--
-- TOC entry 2171 (class 2606 OID 27025)
-- Dependencies: 174 170 2111
-- Name: Books_bindingId_fkey; Type: FK CONSTRAINT; Schema: public; Owner: -
--

ALTER TABLE ONLY "Books"
    ADD CONSTRAINT "Books_bindingId_fkey" FOREIGN KEY ("bindingId") REFERENCES "Bindings"("bindingId");


--
-- TOC entry 2197 (class 2606 OID 27571)
-- Dependencies: 210 208 2161
-- Name: HelpContents_helpParagraphId_fkey; Type: FK CONSTRAINT; Schema: public; Owner: -
--

ALTER TABLE ONLY "HelpContents"
    ADD CONSTRAINT "HelpContents_helpParagraphId_fkey" FOREIGN KEY ("helpParagraphId") REFERENCES "HelpParagraphs"("helpParagraphId");


--
-- TOC entry 2195 (class 2606 OID 27504)
-- Dependencies: 2105 165 208
-- Name: HelpParagraphs_actionName_fkey; Type: FK CONSTRAINT; Schema: public; Owner: -
--

ALTER TABLE ONLY "HelpParagraphs"
    ADD CONSTRAINT "HelpParagraphs_actionName_fkey" FOREIGN KEY ("actionName") REFERENCES "Permissions"("actionName");


--
-- TOC entry 2193 (class 2606 OID 27494)
-- Dependencies: 208 206 2157
-- Name: HelpParagraphs_helpPageId_fkey; Type: FK CONSTRAINT; Schema: public; Owner: -
--

ALTER TABLE ONLY "HelpParagraphs"
    ADD CONSTRAINT "HelpParagraphs_helpPageId_fkey" FOREIGN KEY ("helpPageId") REFERENCES "HelpPages"("helpPageId");


--
-- TOC entry 2194 (class 2606 OID 27499)
-- Dependencies: 208 2161 208
-- Name: HelpParagraphs_paragraphParentId_fkey; Type: FK CONSTRAINT; Schema: public; Owner: -
--

ALTER TABLE ONLY "HelpParagraphs"
    ADD CONSTRAINT "HelpParagraphs_paragraphParentId_fkey" FOREIGN KEY ("paragraphParentId") REFERENCES "HelpParagraphs"("helpParagraphId");


--
-- TOC entry 2196 (class 2606 OID 27576)
-- Dependencies: 193 2135 208
-- Name: HelpParagraphs_settingName_fkey; Type: FK CONSTRAINT; Schema: public; Owner: -
--

ALTER TABLE ONLY "HelpParagraphs"
    ADD CONSTRAINT "HelpParagraphs_settingName_fkey" FOREIGN KEY ("settingName") REFERENCES "Settings"("settingName");


--
-- TOC entry 2190 (class 2606 OID 27369)
-- Dependencies: 2095 203 162
-- Name: Notes_userId_fkey; Type: FK CONSTRAINT; Schema: public; Owner: -
--

ALTER TABLE ONLY "Notes"
    ADD CONSTRAINT "Notes_userId_fkey" FOREIGN KEY ("userId") REFERENCES "Users"("userId") ON DELETE CASCADE;


--
-- TOC entry 2167 (class 2606 OID 27374)
-- Dependencies: 2095 162 164
-- Name: PendingUsers_userId_fkey; Type: FK CONSTRAINT; Schema: public; Owner: -
--

ALTER TABLE ONLY "PendingUsers"
    ADD CONSTRAINT "PendingUsers_userId_fkey" FOREIGN KEY ("userId") REFERENCES "Users"("userId") ON DELETE CASCADE;


--
-- TOC entry 2179 (class 2606 OID 27116)
-- Dependencies: 2111 170 188
-- Name: Provenances_bindingId_fkey; Type: FK CONSTRAINT; Schema: public; Owner: -
--

ALTER TABLE ONLY "Provenances"
    ADD CONSTRAINT "Provenances_bindingId_fkey" FOREIGN KEY ("bindingId") REFERENCES "Bindings"("bindingId");


--
-- TOC entry 2178 (class 2606 OID 27111)
-- Dependencies: 182 2127 188
-- Name: Provenances_personId_fkey; Type: FK CONSTRAINT; Schema: public; Owner: -
--

ALTER TABLE ONLY "Provenances"
    ADD CONSTRAINT "Provenances_personId_fkey" FOREIGN KEY ("personId") REFERENCES "Persons"("personId");


--
-- TOC entry 2175 (class 2606 OID 27311)
-- Dependencies: 180 2111 170
-- Name: Scans_bindingId_fkey; Type: FK CONSTRAINT; Schema: public; Owner: -
--

ALTER TABLE ONLY "Scans"
    ADD CONSTRAINT "Scans_bindingId_fkey" FOREIGN KEY ("bindingId") REFERENCES "Bindings"("bindingId");


--
-- TOC entry 2174 (class 2606 OID 27239)
-- Dependencies: 2137 196 180
-- Name: Scans_uploadId_fkey; Type: FK CONSTRAINT; Schema: public; Owner: -
--

ALTER TABLE ONLY "Scans"
    ADD CONSTRAINT "Scans_uploadId_fkey" FOREIGN KEY ("uploadId") REFERENCES "Uploads"("uploadId");


--
-- TOC entry 2186 (class 2606 OID 27281)
-- Dependencies: 174 201 2118
-- Name: ShelvedBooks_bookId_fkey; Type: FK CONSTRAINT; Schema: public; Owner: -
--

ALTER TABLE ONLY "ShelvedBooks"
    ADD CONSTRAINT "ShelvedBooks_bookId_fkey" FOREIGN KEY ("bookId") REFERENCES "Books"("bookId");


--
-- TOC entry 2187 (class 2606 OID 27286)
-- Dependencies: 201 200 2145
-- Name: ShelvedBooks_shelfId_fkey; Type: FK CONSTRAINT; Schema: public; Owner: -
--

ALTER TABLE ONLY "ShelvedBooks"
    ADD CONSTRAINT "ShelvedBooks_shelfId_fkey" FOREIGN KEY ("shelfId") REFERENCES "Shelves"("shelfId");


--
-- TOC entry 2184 (class 2606 OID 27332)
-- Dependencies: 2145 200 200
-- Name: Shelves_parentShelfId_fkey; Type: FK CONSTRAINT; Schema: public; Owner: -
--

ALTER TABLE ONLY "Shelves"
    ADD CONSTRAINT "Shelves_parentShelfId_fkey" FOREIGN KEY ("parentShelfId") REFERENCES "Shelves"("shelfId");


--
-- TOC entry 2185 (class 2606 OID 27379)
-- Dependencies: 162 200 2095
-- Name: Shelves_userId_fkey; Type: FK CONSTRAINT; Schema: public; Owner: -
--

ALTER TABLE ONLY "Shelves"
    ADD CONSTRAINT "Shelves_userId_fkey" FOREIGN KEY ("userId") REFERENCES "Users"("userId") ON DELETE CASCADE;


--
-- TOC entry 2173 (class 2606 OID 27052)
-- Dependencies: 2111 170 178
-- Name: TEIFiles_bindingId_fkey; Type: FK CONSTRAINT; Schema: public; Owner: -
--

ALTER TABLE ONLY "TEIFiles"
    ADD CONSTRAINT "TEIFiles_bindingId_fkey" FOREIGN KEY ("bindingId") REFERENCES "Bindings"("bindingId") ON DELETE SET NULL;


--
-- TOC entry 2172 (class 2606 OID 27047)
-- Dependencies: 174 178 2118
-- Name: TEIFiles_bookId_fkey; Type: FK CONSTRAINT; Schema: public; Owner: -
--

ALTER TABLE ONLY "TEIFiles"
    ADD CONSTRAINT "TEIFiles_bookId_fkey" FOREIGN KEY ("bookId") REFERENCES "Books"("bookId") ON DELETE SET NULL;


--
-- TOC entry 2183 (class 2606 OID 27234)
-- Dependencies: 162 2095 196
-- Name: Uploads_userId_fkey; Type: FK CONSTRAINT; Schema: public; Owner: -
--

ALTER TABLE ONLY "Uploads"
    ADD CONSTRAINT "Uploads_userId_fkey" FOREIGN KEY ("userId") REFERENCES "Users"("userId");


-- Completed on 2012-02-07 21:58:31 CET

--
-- PostgreSQL database dump complete
--

